:020000040000fa
:080000000002040000000000f2
:020000040000fa
:10040000af5022000e7f22000e0188000000000085
:100410000c00070060982100010020001100070077
:10042000000020000000e000020032000000020096
:1004300000000000824a0200000000000040da00d4
:100440000000fe004440a900c0c820000000e000f9
:100450000300320000002000a00188004440a800f2
:100460000000060091018800800078000000eb0089
:1004700015003700e280400032a0b4009101ba00bc
:10048000e280400032a0b4009102ba00e280400055
:1004900032a0b4000002eb00472bde00f507b200eb
:1004a000602ce10004003a000059eb008301e900f0
:1004b000fdff3e00040037006128e100010032002a
:1004c0000082eb00040007001101ba000200e00006
:1004d000e8ff3a00000006003159ba008301e90044
:1004e0000c0032002159ba008301e90008003200f3
:1004f0000400e00003003a00e280400032a0b400b3
:10050000f5ff370011d9ba008301e900faff3a007c
:100510008100e800e180400032a0b4000000060045
:100520000040da000000fe00800078001104b100f5
:10053000030035009101b10001003c000050a00013
:1005400000000600800078001106b10003003500ad
:100550009101b10001003c000050a1000000060024
:10056000839f68000100e00002003d006000100071
:10057000e08018000300e00002003d00600111006f
:10058000e0811900660107004f00e00002003b0017
:1005900060001000e080180000000600f4ff2f004b
:1005a0005202370014002000500237000001be0044
:1005b000690207000470a70003f0a1006509b100fb
:1005c000160032000d0035006828e10006003500f5
:1005d000f0ff2f00f1ff27000300e00013003b00b5
:1005e0000100280000000500000040008180480054
:1005f0008502e900fcff3a0008003700f88f42004e
:1006000002003c008000eb00000005008100d100ea
:100610000080d3008502e800fcff3a000300e00000
:1006200002003b0060001000e0801800000006009f
:10063000889fbe008a9fbe00010578000100e0008f
:100640000400350008003c000000e00020003200fb
:100650000500370060001000e080180002003b0039
:1006600001f02c001a0037000004be006011b80031
:100670006b0920000982cf00020039000882cf00f8
:100680000441b000694252000e00320008003b00f5
:1006900082817100610164008904d1000884d30063
:1006a0008b05e8000442e800f9ff3a000500370036
:1006b0000804440089844c008b05e9000442e900e9
:1006c000fbff3a00390207000af0a70001f0a00082
:1006d0004f05be004f04be000000060003f0a2005c
:1006e000889fbe008a9fbe008c1f780055020700bd
:1006f0005c0233006450e1004f0032006420e100ee
:100700005200320003826c0007003b000905d00054
:100710000306d000820f54000c065d000200390071
:1007200002003200890178000306780085825500b6
:1007300004003d000003fd008103fd008502ea0086
:100740008b854200840f720002003b0060001000a5
:10075000e08018006011b8000005eb007a28e10085
:100760000a00390006007800c75ddd00f707b20017
:10077000878075002d003700828171000a017800a2
:10078000610560008180d1000080d3008502e9000e
:10079000f9ff3b00060440008784480002003b004c
:1007a00060041400e0841c000988a30007003200e4
:1007b0008a81710082817100610164008904d10025
:1007c0000884d3008b05e800170037000978a300e0
:1007d00013003a000b00e000130034008b05e90021
:1007e0000804440089844c000a4474000978a3007a
:1007f0000d003a000b00e000070034008b05e90013
:100800000804440089844c0001003a000b002000d9
:100810000978a300f7ff32000001eb000200370067
:10082000828171000a017800e00107000cf0a70046
:1008300001f0a000140237006420e10002003a0039
:10084000838f6c00140233000801be000200be005a
:100850000d023700889fbe008a9fbe008c1f780063
:10086000f8010700ff01330003866c006450e100cb
:10087000240032006420e100270032006150e100d2
:10088000220032006120e100210032008b8542000d
:10089000eb07b1000134b800003ab8000804420088
:1008a00089844a00013ab8000030b80088804000ce
:1008b00009014a0004003300000040008180480024
:1008c000020149008b05e900c909dd0083017000c0
:1008d0000100320013002000c814de004814dd00bf
:1008e0004709de001200b200c808de00088470006c
:1008f000ae01070001f0a1000cf0a70001f0a0007c
:10090000e10137006120e100e30132000801be008f
:100910000200be00f7ff37006150e100fcff3a0023
:10092000dd013700889fbe008a9fbe008c1f7800c3
:10093000c4010700cb01330003866c006450e10062
:100940002e0032006420e100330032006150e100eb
:100950002f0032006120e100310032008585550012
:10096000eb07b00009002000080420000500370054
:100970000804440089844c000a0031000603430047
:1009800087834b000001530081815b00f8ff330037
:100990000203be000800a0000804440089844c0043
:1009a000f6ff3900c639dd00830173000100320013
:1009b000130020008904d1000884d3000998a30003
:1009c000050032000800a7000300a0008904d10040
:1009d0000884d3008b05e8008904d1000884d30083
:1009e0000001eb000281d2007001070001f0a100bc
:1009f0000cf0a70001f0a000a30137006420e10083
:100a0000a50132000801be000200be00f7ff37005a
:100a10006120e100a00132006000b800f3ff370060
:100a20000000200001f82700f0ff3700040020003c
:100a30002e013700889fbe008a9fbe008c1f780061
:100a40000004be00440107000478a30026003a0019
:100a50006120e1002500320009f8a30025003a00da
:100a60006420e10021003200f507b1000508a30071
:100a70000200320000004000818048006044b8005d
:100a80000310200002002000000040008180480088
:100a90000805440089854c000a0541008b85490002
:100aa0000a0550008b855800030033000a00be0081
:100ab00002047400838474008301d1000281d30096
:100ac000830f7100f0ff3a008904d1000884d3003d
:100ad0006001490082017800c1adde00fb07b00073
:100ae00032010700680137000960a0000800be005d
:100af000650137001202200002408800f0ff2f003d
:100b0000f1ff270060013700320020006501370047
:100b10000001eb00ca0137000081eb00c80137007b
:100b20006022b800060220000000d0008180d200c0
:100b30000482d2008582d2000000a000020252008e
:100b400083825a00030031000202420083824a007d
:100b50000000a1000603e900f3ff3a0000000600d0
:100b60000c00fa00889fbe008a9fbe008c9fbe00ca
:100b7000340107000206be00840578000200be00b2
:100b8000020020001702070005003a008b02b300a4
:100b9000120020001302070001003a00f8856d00e2
:100ba0000c01be00c60007000800be009b0032001a
:100bb0000b08a3009e003a000df0a7000be0a00078
:100bc00009f0a7000bf0a00009f0a1000801be0089
:100bd000bb0007000bf0a6009500320001003c00ae
:100be0000bd0a0008acf7500b20033006000b800bf
:100bf0006250e10099003900a1003e000b28a300db
:100c0000a2003a000bf8a300060032000b58a30024
:100c1000a70032000801be00a90007000800be00be
:100c2000940032000800be00150207000004be0058
:100c3000050578000bf0a7000b30a6000bf0a10013
:100c40005b079800324f200053f3230055fe070046
:100c500005003d000800be0012002000150207003c
:100c60000004be000a05e9004a0798006150b90077
:100c70006ffe0700008fbe000c01be00f5fe0700ee
:100c80004afe0700300798000100e00002003d0026
:100c900060001000e0801800f2ff2700820f500073
:100ca000e08f580064003e000c00be003ffe0700cd
:100cb00020079800f2072000820f5000e08f5800b4
:100cc00005003c0012f82f00f3ff2f00820f5000a8
:100cd000838f580009003d000a00e0000300320045
:100ce00001003c000201ea00020578006000b80043
:100cf000200798003a079800190037003e0090003e
:100d00006100b9004afe0700809fbe000c00be00d3
:100d10004109dd004811de007208b100b101070091
:100d20000005be001e01be00cafe07004f01be0046
:100d30006afe0700809fbe000c00be000a01be00d4
:100d400066fe07001e01be00c2fe07004f01be0086
:100d500063fe07008221270013f32300bdfe070076
:100d60000005be002e0090006100b90030fe0700b3
:100d700001f0a2000c01be0059fe07000006be00f3
:100d80000800be00ed0107000c01be00b1fe070027
:100d90000a01be0052fe0700809fbe004a00070005
:100da0002e0590000af0a7000a05ea0005003700aa
:100db0000800be000801be00a6fe07000004be0039
:100dc0000c00be000801be000a00a700a1fe07003b
:100dd0000006be000a05d100f5ff3a005e01900052
:100de00002e0a600030037000001be003600070045
:100df000ccfe07000004be004f00be002602070024
:100e00000801be0093fe07003e019000a901070003
:100e1000de0590000bf0a70001f0a2004f06be0017
:100e20004f05be004f04be000080fa00000006001f
:100e300025000700f9ff3700270007006000b80011
:100e40000bd0a7000bc0a0000be0a7000bc0a200b6
:100e50000bc0a70001f82700f0ff37000df8a30032
:100e6000020032001e000700190007000bf8a30063
:100e7000eaff32000b30a70001f0a200e7ff3700c5
:100e80000df8a300f9ff3a00f7ff37000801be0094
:100e90000b000700e6ff320001003c000df0a2004d
:100ea0006000b8000df0a70009000700dbff370065
:100eb0000b000700f1ff2700f0ff2f00d7ff3700de
:100ec00001000700b7fd370001f82300000005000e
:100ed00001f8270000000500200220000100370073
:100ee000100220000040880000000600889fbe001d
:100ef0008a9fbe00841f7800520007004f007800d0
:100f000011003300f0ff2f00838f6c0006003b00c0
:100f1000040565000a00a7000800370009f0a600d4
:100f20001000200008003700820f5400838f5c00ff
:100f3000030039001000200001003e0000002000e6
:100f400009f0a7000000ea004f05be004f04be00f4
:100f50000000e00000000600c70ade00f107b20052
:100f6000f50fb20008003200e1cf4200020032006b
:100f70000170a00024000500810f70000100320004
:100f80000408050044000500810f700002003a00cb
:100f9000140005008502e9000000400081c04800ff
:100fa000fcff3b000170a000240005008100200030
:100fb000618055000b003d000b00200061fe2f00fa
:100fc0000100e1001d0034008281710061016400b4
:100fd0008904d1000884d3000000e800faff3a0039
:100fe00071002000610064000300700002006000d6
:100ff0000900320061044400e0844c000988a50027
:10100000050032008b05e8006808e10002003a00a4
:101010008904d1000884d300f20f20000258e100b7
:1010200005003d00c75ddd00f907b200898075004d
:1010300008007800000006000bf827008b007800fd
:10104000000005000004be00c3ff07000003be004f
:101050000405be000200be00bfff0700844f7500fc
:10106000000006000200be006450e10005003600ea
:101070006420e100020036000968a30001003a0084
:101080000800be000160a0004f0678004f05be00ba
:101090004f04be0000000600f0ff2f00f1ff270004
:1010a000f9ff3700889fbe008a9fbe008c9fbe005c
:1010b0000206780001f0a7000cf0a0000004be00ba
:1010c000a5ff07000800be006420e100070039000a
:1010d00002003a00f1ff2700f0ff2f000160a0009e
:1010e00012022000024088005100370009f0a100e0
:1010f0000800be000200200003f8230027fd0700bf
:10110000f4ff3c000800be0002002000039823000a
:1011100024fd07000800be0030003500020020005a
:1011200003f023001dfd070005003c000800be0081
:101130000801be00c7fd07000005be000e00370015
:101140000c10a2000000200001f823000801be00de
:1011500062fd07000200200003f02300bdfd070030
:101160000005be0033fe07000200200003002c0033
:10117000b8fd07000004be000a00be00b2d028007f
:10118000130b2c0056fd07000a01be00b1fd07003d
:10119000020f2500330b240051fd0700809fbe0085
:1011a0000a00be005206220013f02b00a9fd070022
:1011b000b2662100f3f6230049fd07000a01be00d4
:1011c000a4fd07004f01be00d6fd07000801be00c8
:1011d000a0fd07000801be0041fd07000c00a700ac
:1011e00007003700b2fd200093fc23000c10a7007d
:1011f0003bfd07000cf0a70001f0a2000c00370037
:101200000cf0a7000200370001f0a2000400370034
:10121000b2fd2000930424000c10a6000300370048
:10122000b2fd200093fc23000c10a7002cfd07004a
:101230004f06be004f05be004f04be000000060072
:10124000889fbe008a9fbe008c9fbe0082057800ea
:101250000004be0040ff07000800be006420e1005b
:101260000700390002003a00f1ff2700f0ff2f00cd
:101270000160a000120220000240880055003700e3
:101280006120e10003003a000b00a70001f82300f1
:101290005000370001f0a1000200210093642400f7
:1012a000c0fc07000800be0004003500b2fd2000ad
:1012b000930c24005a0107000004be000005eb0057
:1012c0000b00a6004f0dde0001f0a1000004be00df
:1012d00032982f0023ea23005efd07000001eb0097
:1012e00003f023000b00a70003f82300fcfc070019
:1012f000aefc07000000a7000a00a200ccfc07001b
:101300000b00e000030032000200200003f0230085
:10131000f2fc070001f0a2000006be00020020005f
:10132000930424004bfd07000801be00ecfc0700fd
:10133000809fbe000c00be0022a22a00d3a723007b
:1013400044fd07004f01be00e5fc07000004be009d
:1013500001f0a100020020000398230091fc070087
:101360000800be00190035000001be0039fd07006d
:101370000006be00b2c52900e362230035fd070068
:1013800022222b00f3942b00d5fc07000c01be0099
:1013900030fd0700e273280083c02300d0fc070063
:1013a0000c01be002bfd070042aa2a00a3e22b007d
:1013b000cbfc07000c01be0026fd07000801be00a3
:1013c00024fd07000801be00c5fc07000a00a700b5
:1013d00001f0a2004f06be004f05be004f04be0044
:1013e00000000600889fbe008a9fbe000003be006a
:1013f000d9fe070085057800828152000200200096
:101400006220e10004003a00f307b1000400350057
:101410007718e100040035000600be001400370014
:101420006000b8000f003700f50f2000faff2f0012
:101430008502d1000a85d3008301e900fcff3b004f
:101440008184620000046500890f7400f2ff32009d
:101450008582ea000a85ea00818462000004650052
:10146000d2fe070007f0a70001f0a0000081eb000a
:101470000200e0004f05be004f04be000000060061
:101480000003be00b4fe07006220e100020032004b
:101490000600be0005000500e507b100f107b20037
:1014a00004f023008480700007f0a70001f0a00082
:1014b000240005000003be00a7fe07006220e10033
:1014c000020032000600be00000006008502410056
:1014d000e30f20000328e10005003c00a3fe2f00dd
:1014e0000328e10007003d0005002000010037004f
:1014f000f50f200020022000004088006000b800a6
:1015000008003700130020008381520005003d00d1
:101510008100d1000080d3008301e800fcff3a0085
:1015200005002000c72add00f107b20085807000a9
:1015300007f0a70001f0a00000000600889fbe0091
:101540008a9fbe008c9fbe00cdff070085047800f7
:101550000005be006420e10049003e006220e10079
:1015600003003200090035000bf8a30044003200ec
:101570000bf8a30008003200100220000040880091
:10158000f0ff2f00f1ff27003d00370001f82f008a
:10159000000020003a0037003d0007004ffc070024
:1015a0000006be000a00be00324f200053f32300a5
:1015b000fafb0700060034000c00be0034000700f0
:1015c00046fc07000006be000a00be00020037000d
:1015d0008904e9000c00be002d0007009dfc0700f7
:1015e0002b0007003efc07000001be000c00be00ff
:1015f000ccfc07000005be000001be0095fc070002
:101600000006be00a2f32300430d2c0034fc0700ab
:10161000809fbe000c00be00d2e32700d3f02b0059
:101620008cfc07004f01be00befc07000006be0098
:101630000a01be0087fc07000a01be0028fc070063
:101640000006be006148b900f9fb07000005be00b6
:1016500032082800e3952b007efc07000c01be0039
:101660001ffc07000006be000a00be0002002800a2
:1016700013f3230077fc07000c01be0018fc0700e1
:101680004f06be004f05be004f04be00000006001e
:1016900003f0230002000500889fbe008a9fbe0061
:1016a0008c9fbe000004be002bfe07000800be0099
:1016b0006420e10048003e005500320072212700fe
:1016c000132b2400b5fb070047003c000800be00b8
:1016d000c2ec2800e32c2c00b2fb070047003500c9
:1016e0000800be0001f0a100020020000338230022
:1016f000acfb0700430035000800be00b2a32a007f
:1017000083fb230053fc07000200200003f02300aa
:1017100001f0a70003f0a000f1fb0700a3fb070006
:101720000005be00c2fb070001f0a2000006be00db
:101730000200280013f3230046fc07000801be0046
:10174000e7fb0700809fbe000c00be0032082800a7
:10175000e3952b003ffc07004f01be00e0fb0700b4
:101760000006be000001be003afc0700809fbe00dc
:101770004241250083b8230036fc07000200200008
:1017800003e82300d6fb07000c01be0031fc070074
:101790000006be004f00be00f2f92b00c3d42300a8
:1017a0002cfc07000200200003f02300ccfb070004
:1017b0000c01be00c9fb07000001be000c00be000a
:1017c00058fc07000200200003f02300c4fb0700c0
:1017d0006101450037ff07004f06be004f05be0000
:1017e0004f04be000000060001f8270000002000a2
:1017f0002202200002408800f7ff37006000b80096
:10180000fbff370001f8230000002000f2ff370043
:1018100009f8a300f0ff32006000b800eeff3700c7
:101820000400200000003700889fbe008a9fbe0091
:101830008c1f78004f26dd0002fe070009fe3300f2
:101840006120e100430032006250e10041003e00af
:101850003e0039006420e1003c0032000582550062
:101860000f003b000402e80038003a00800f5300ec
:10187000818f5b00350034000800be0003f0a1003a
:1018800001f0a60003f0a0000cf0a70094fb0700f5
:10189000fdfd37000603430087834b000c464600de
:1018a0000005530081855b00020033000a03be007f
:1018b0000c00a0000402e900f6ff3b00850578005b
:1018c0000602430087824b0004003a006000b80023
:1018d00009f0a70001f0a000ebfd37000002520064
:1018e00081825a000704e00004003300060343002d
:1018f00087834b008b05e900faff37000905780064
:101900000604be000203be006011b800a7fd070078
:10191000e00f5200e08f5a000700350002003c0043
:101920000c08a300040032000601be0003f0a00072
:101930000cf0a7006afb07000a85680001f0a1000f
:101940000af0a70001f0a000cffd37000800be009c
:10195000cdfd3700100220000cf0a60000408800ea
:10196000cdfd3700800078003004e000feff3a0033
:10197000010050000000e9000000060000037800ac
:1019800080027800020278008001eb000800370036
:101990000402e90063c07800805a78008301e800ff
:1019a0000004e00002003a008000eb00060037006f
:1019b000828f5100f6ff3a00fbff37000040eb003a
:1019c00080f07a008100e800848f5000fbff3a002d
:1019d00006007800000006008001eb0002003700de
:1019e000817178008301e800828f5100fcff3a008a
:0419f00000000600ed
:020000040000fa
:020000040001f9
:0457f800defa0000d5
:020000040000fa
:020000040001f9
:0457fc007f1f00000b
:020000040000fa
:100008009002000086630000ee6300005664000062
:10001800be64000090020000900200009002000000
:10002800900200009002000090020000da4d0000eb
:100038009002000090020000900200009a5a00000e
:10004800b85a00009002000090020000765c0000a0
:10005800900200003c5c000090020000900200004a
:100068009002000090020000900200009002000040
:100078009002000090020000900200009002000030
:100088009002000090020000900200009002000020
:100098009002000090020000900200009002000010
:1000a8009002000090020000900200009002000000
:1000b80090020000900200009002000090020000f0
:1000c80090020000900200009002000090020000e0
:1000d80090020000900200009002000090020000d0
:1000e80090020000900200009002000090020000c0
:1000f80090020000900200009002000090020000b0
:10010800900200009002000090020000900200009f
:10011800900200009002000090020000900200008f
:10012800900200009002000090020000900200007f
:10013800900200009002000090020000900200006f
:10014800900200009002000090020000900200005f
:10015800900200009002000090020000900200004f
:10016800900200009002000090020000900200003f
:10017800900200009002000090020000900200002f
:10018800900200009002000090020000900200001f
:10019800900200009002000090020000900200000f
:1001a80090020000900200009002000090020000ff
:1001b80090020000900200009002000090020000ef
:1001c80090020000900200009002000090020000df
:1001d80090020000900200009002000090020000cf
:1001e80090020000900200009002000090020000bf
:0801f8009002000090020000db
:020000040000fa
:100208009002000086630000ee6300005664000060
:10021800be640000900200009002000090020000fe
:10022800900200009002000090020000da4d0000e9
:100238009002000090020000900200009a5a00000c
:10024800b85a00009002000090020000765c00009e
:10025800900200003c5c0000900200009002000048
:10026800900200009002000090020000900200003e
:10027800900200009002000090020000900200002e
:10028800900200009002000090020000900200001e
:10029800900200009002000090020000900200000e
:1002a80090020000900200009002000090020000fe
:1002b80090020000900200009002000090020000ee
:1002c80090020000900200009002000090020000de
:1002d80090020000900200009002000090020000ce
:1002e80090020000900200009002000090020000be
:1002f80090020000900200009002000090020000ae
:10030800900200009002000090020000900200009d
:10031800900200009002000090020000900200008d
:10032800900200009002000090020000900200007d
:10033800900200009002000090020000900200006d
:10034800900200009002000090020000900200005d
:10035800900200009002000090020000900200004d
:10036800900200009002000090020000900200003d
:10037800900200009002000090020000900200002d
:10038800900200009002000090020000900200001d
:10039800900200009002000090020000900200000d
:1003a80090020000900200009002000090020000fd
:1003b80090020000900200009002000090020000ed
:1003c80090020000900200009002000090020000dd
:1003d80090020000900200009002000090020000cd
:1003e80090020000900200009002000090020000bd
:0803f8009002000090020000d9
:020000040000fa
:1019f40000000000000000000000000000000000e3
:101a040000000000000000000000000000000000d2
:101a140000000000000000000000000000000000c2
:101a240000000000000000000000000000000000b2
:101a340000000000000000000000000000000000a2
:101a44000000000000000000000000000000000092
:101a54000000000000000000415200004543000067
:101a64004f5200004445000052200000524500003f
:101a740041440000590a0000004300004f4e00009a
:101a840046490000475500005241000054490000f7
:101a94004f4e0000204d00004f4400004520000040
:101aa400454e0000414200004c450000440a00003d
:101ab400004600004c490000474800005420000044
:101ac4004d4f000044450000204500004e410000f9
:101ad400424c0000454400000a0000004653000048
:101ae400496e0000697400002e2e00002e4600008e
:101af400414900004c0a0000004600005349000020
:101b04006e690000742e00002e2e0000444f000069
:101b14004e4500000a0000004d45000041530000fe
:101b24002a2e0000637300007600000061000000ac
:101b34004d45000041530000303100002e63000089
:101b440073760000006f0000706500006e6900008d
:101b54006e670000206e00006577000020660000bc
:101b64006972000073740000206d0000656100005c
:101b740073200000666900006c650000207400009a
:101b84006f2000007772000069740000650a00008d
:101b940000530000554d00004d300000312e000070
:101ba40063730000760000006f700000656e000033
:101bb400696e0000672000006e6500007720000059
:101bc4006e65000078740000206d000065610000ff
:101bd40073200000666900006c650000207400003a
:101be4006f2000007772000069740000650a00002d
:101bf400006f0000706500006e6900006e670000f1
:101c0400206e000065770000206e000065780000fb
:101c140074200000737500006d6d000020660000e4
:101c2400696c000065200000746f000020770000dc
:101c340072690000746500000a0000003120000091
:101c4400256400002c2000003220000025640000e0
:101c54002c20000033200000256400002c2000000c
:101c64004261000074740000202500002e31000041
:101c740066200000560a00000061000020310000c8
:101c8400206700003a200000256400000a48000094
:101c94006120000031200000673a00002025000088
:101ca400640a0000004800006172000064770000cc
:101cb4006172000065200000766500007273000008
:101cc400696f00006e2c0000256400002e250000c2
:101cd400640d00000a000000323000003a320000b7
:101ce400313a000031310000004a0000756e0000f6
:101cf4002020000035200000323000003134000084
:101d0400005300006f6600007477000061720000e9
:101d1400652000007665000072730000696f0000a2
:101d24006e2c00002573000020250000730d0000b8
:101d34000a0000004869000067680000206700008e
:101d44002061000063630000656c000065720000a0
:101d54006f6d00006574000065720000206900006a
:101d6400732000007072000065730000656e00004f
:101d7400740a000000480000696700006820000041
:101d84006720000061630000636500006c6500006b
:101d9400726f00006d650000746500007220000021
:101da40069730000204e00004f54000020700000b2
:101db40072650000736500006e7400000a00000084
:101dc400416c00006c2000004f4b00000a00000032
:101dd400526f0000636b0000657400002061000016
:101de4006e6700006c650000206100007420000034
:101df4006c610000756e000063680000205b0000e9
:101e0400646500006772000065650000735d000092
:101e14002c2500002e310000660d00000a00000091
:101e24005072000065730000737500007265000055
:101e34002061000074200000677200006f750000cc
:101e44006e640000206c000065760000656c000084
:101e5400205b0000506100005d2c0000252e000076
:101e6400306600000d0a000000500000726500009a
:101e74007373000075720000652000006174000037
:101e840020610000706f000067650000652000009d
:101e94005b500000615d00002c2500002e30000026
:101ea400660d00000a0000004d6100007869000022
:101eb4006d7500006d200000766500006c6f0000f9
:101ec4006369000074790000206100007420000040
:101ed400726f0000636b00006574000020610000f5
:101ee40078690000732000005b6d00002f73000010
:101ef4005d2c0000252e0000316600000d0a000054
:101f0400004d000061780000696d0000756d0000ef
:101f1400206100006c7400006974000075640000a6
:101f24006520000028610000636300002920000090
:101f34005b6d00005d2c0000252e00003066000063
:101f44000d0a0000004d000061780000696d00007a
:101f5400756d0000206100006c740000697400005d
:101f640075640000652000002870000072650000a0
:101f7400737300007572000065290000205b000087
:101f84006d5d00002c2500002e300000660d000061
:101f94000a000000526f0000636b000065740000cb
:101fa400206c0000617500006e6300006820000072
:101fb4005b7300005d2c0000256400002e250000ea
:101fc400640d00000a00000042750000726e0000fb
:101fd4006f750000742000006f660000206600002a
:101fe40069720000737400002073000074610000c3
:101ff40067650000206500006e670000696e0000e0
:10200400652000005b7300005d2c00002564000067
:102014002e25000030320000640d00000a0000008c
:10202400496700006e69000074740000696e000066
:102034006720000073650000636f00006e64000099
:1020440020730000746100006765000020650000d3
:102054006e670000696e0000652000006675000070
:1020640073650000205b0000735d00002c250000f8
:10207400642e000025300000326400000d0a0000c8
:102084000046000069720000696e000067200000cd
:1020940073650000636f00006e640000207300002d
:1020a4007461000067650000206500006e67000031
:1020b400696e0000652000005b7300005d2c000069
:1020c400256400002e25000030320000640d00005d
:1020d4000a00000042750000726e00006f75000077
:1020e400742000006f660000207300006563000028
:1020f4006f6e0000642000007374000061670000cc
:1021040065200000656e0000676900006e650000d0
:10211400205b0000735d00002c250000642e00008d
:1021240025300000326400000d0a00000041000068
:10213400706f0000676500006520000064650000a2
:102144007465000063740000696f00006e20000075
:102154005b7300005d2c0000256400002e25000048
:1021640030320000640d00000a0000004d690000d8
:102174006e6900006d7500006d200000766500003a
:102184006c6f000063690000747900002061000036
:10219400726f0000756e0000642000006170000022
:1021a4006f67000065650000205b0000735d000040
:1021b4002c250000642e000025300000326400004d
:1021c4000d0a00000046000069720000696e0000fc
:1021d40067200000647200006f67000075650000ee
:1021e40020700000617200006163000068750000e7
:1021f40074650000205b0000735d00002c25000066
:10220400642e000025300000326400000d0a000036
:102214000046000069720000696e0000672000003b
:102224006d610000696e00002070000061720000a2
:10223400616300006875000074650000205b0000a5
:10224400735d00002c250000642e00002530000082
:10225400326400000d0a0000005200006f630000a9
:102264006b650000742000006c6100006e64000067
:10227400696e0000672000005b7300005d2c0000a5
:10228400256400002e25000030320000640d00009b
:102294000a00000046690000727300007420000008
:1022a400656e0000676900006e6500002062000032
:1022b400757200006e6900006e67000020740000f3
:1022c400696d0000652000005b7300005d2c000058
:1022d400256400002e25000030320000640d00004b
:1022e4000a00000053650000636f00006e64000084
:1022f400206500006e670000696e00006520000024
:1023040062750000726e0000696e000067200000b4
:10231400746900006d650000205b0000735d0000bf
:102324002c250000642e00002530000032640000db
:102334000d0a000000540000696d000065200000d3
:10234400746f000020610000706f0000676500007a
:10235400652000005b7300005d2c00002564000014
:102364002e25000030320000640d00000a00000039
:10237400546f0000746100006c200000666c000063
:10238400696700006874000020740000696d000033
:10239400652000005b7300005d2c000025640000d4
:1023a4002e25000030320000640d00000a000000f9
:1023b4005b450000525200004f5200005d200000b7
:1023c40053740000616e0000203d000020250000d1
:1023d400642c000020740000696d0000652000007a
:1023e400256400002e25000030320000640d00003a
:1023f4000a0000005b450000525200004f520000ea
:102404005d200000547200006967000067650000e9
:10241400725f00006675000073650000203d0000d7
:1024240020250000642c000020740000696d000069
:1024340065200000256400002e250000640d0000c6
:102444000a000000257500002c2500003032000031
:10245400642c0000256400002c250000642c00007e
:10246400256400002c250000642c0000256c00006d
:10247400642c0000256c0000642c0000252e000054
:10248400316600002c250000642c00002564000047
:102494002c250000640d00000a0000004d2c0000f3
:1024a400256400002c250000642c00002564000035
:1024b4002c250000642c0000256c0000642c000016
:1024c400252e0000316600002c2500002e3000006f
:1024d400662c0000256400002c250000642c0000fc
:1024e400256400002c250000302e00003166000019
:1024f4000a000000000000000000000000000000ce
:1025040000000000000000000000000000000000c7
:1025140000000000000000000000000000000000b7
:1025240000000000000000000000000000000000a7
:102534000066000069720000652000005041000040
:1025440052410000312000006675000073650000f0
:102554000a000000656e0000642000006669000047
:10256400726900006e6700000a00000066690000de
:10257400726500002050000041520000413200000a
:102584002066000075730000650a00000066000004
:102594006972000065200000737400006167000028
:1025a400653200002066000075730000650a0000b3
:1025b4000066000069720000652000004f550000ad
:1025c400543100000a0000006669000072650000d2
:1025d400204f000055540000320a0000006600003d
:1025e40069720000652000004f550000543300005c
:1025f4000a000000492c00004172000065630000dd
:102604006f72000064650000722c000068760000a0
:102614002e2c0000256400002e250000642c0000f0
:10262400737600002e2c0000257300002025000086
:10263400730a0000004100005f3000005f67000083
:1026440009090000256400000a000000595f000029
:10265400305f00006709000009250000640a0000db
:10266400005a00005f3000005f67000009090000a5
:10267400256400000a000000486100005f3000008b
:102684005f67000009090000256400000a000000db
:10269400415f0000315f0000670900000925000068
:1026a400640a000000480000615f0000315f000020
:1026b4006709000009250000640a000000540000b6
:1026c400656d0000706500007261000074750000a3
:1026d400726500004f6600006673000065740000b8
:1026e40031090000256400000a0000004d6100006b
:1026f400696e0000506100007261000063680000b0
:10270400757400006554000072690000676700007a
:102714006572000048650000696700006874000085
:1027240020250000640a00000053000065630000d7
:102734006f6e0000644500006e670000696e000063
:1027440065440000656c000061790000547200006b
:1027540069670000676500007209000025640000d5
:102764000a0000004c610000756e00006368000000
:10277400706100006448000065690000676800003b
:1027840074090000256400000a000000536500007d
:1027940072690000616c00004e7500006d620000fb
:1027a4006572000009250000640a0000004f000063
:1027b400776e000065720000506800006f6e0000c4
:1027c4006509000009250000730a0000004f00009d
:1027d400776e0000657200004e6100006d650000b8
:1027e40009090000257300000a0000004861000088
:1027f400636300005072000065730000656e0000a2
:1028040074090000256400000a00000050720000f2
:102814006573000073750000726500004772000064
:102824006f7500006e64000009250000640a000052
:1028340000420000617400007465000072790000b9
:1028440009090000252e0000316600002056000012
:102854000a000000502c0000256400002c25000014
:10286400642c0000256400002c250000642c00006a
:10287400256400002c250000642c00002564000061
:102884002c250000642c0000256400002c25000089
:10289400642c0000256400002c250000642c00003a
:1028a400256400002c250000642c00002564000031
:1028b4002c250000642c0000256400002c25000059
:1028c400642c0000256400002c250000642c00000a
:1028d40000250000732c0000257300000a0000008e
:1028e4004154000045250000640a00000041000036
:1028f4005457000028250000642c000025730000b4
:10290400290a000000410000545700002825000057
:10291400642c000025640000290a0000006d0000fa
:10292400616900006e2e0000630000005b4500003a
:10293400525200004f5200005d2000002825000084
:10294400733a0000256400003a200000657200001c
:10295400726e00006f3a0000202500007329000009
:10296400204f000073630000696c00006c6100007c
:10297400746f00007220000066610000696c000042
:102984002d530000554d00004d2000006f700000d5
:10299400656e000020650000727200002c200000ab
:1029a400256400002e250000647300000a0a00005c
:1029b400005b000045520000524f0000525d0000d1
:1029c40020280000257300003a250000643a000026
:1029d40020650000727200006e6f00003a20000053
:1029e40025730000292000004f7300006369000074
:1029f4006c6c0000617400006f72000020660000bf
:102a0400616900006c2c000020250000642e000089
:102a140025640000730d00000a0a0000005b00003a
:102a240045520000524f0000525d00002028000073
:102a3400257300003a250000643a00002065000078
:102a4400727200006e6f00003a20000025730000cf
:102a540029200000416400006472000065730000d6
:102a64007320000045720000722d000053550000d1
:102a74004d4d0000206f0000706500006e200000c6
:102a840065720000722c000020250000642e0000f6
:102a940025640000730a00000a0000005b45000082
:102aa400525200004f5200005d2000002825000013
:102ab400733a0000256400003a20000065720000ab
:102ac400726e00006f3a0000202500007329000098
:102ad400204100006464000072650000737300000c
:102ae40020450000727200002c20000025640000c4
:102af4002e250000647300000d0a00000a00000087
:102b04005b450000525200004f5200005d2000005f
:102b140028250000733a0000256400003a200000d4
:102b240065720000726e00006f3a000020250000fc
:102b3400732900002053000074610000636b0000df
:102b440020450000727200006f7200002d530000d7
:102b5400554d00004d2000006f700000656e0000b0
:102b640020650000727200002c2000002564000023
:102b74002e250000647300000a0a0000005b0000b8
:102b840045520000524f0000525d00002028000012
:102b9400257300003a250000643a00002065000017
:102ba400727200006e6f00003a200000257300006e
:102bb4002920000053740000616300006b200000b2
:102bc40045720000722c000020250000642e0000d5
:102bd40025640000730d00000a0a0000005b000079
:102be40045520000524f0000525d000020280000b2
:102bf400257300003a250000643a000020650000b7
:102c0400727200006e6f00003a200000257300000d
:102c1400292000004d610000746800002045000078
:102c2400727200006f720000202d0000205300001b
:102c3400554d00004d200000666900006c650000e1
:102c4400206e00006f740000206f000070650000ab
:102c54006e650000642c000020740000696d0000a3
:102c640065200000256400002e250000640a000091
:102c74000a0000005b450000525200004f52000061
:102c84005d20000028250000733a00002564000040
:102c94003a20000065720000726e00006f3a000076
:102ca4002025000073290000205b0000455200002d
:102cb400524f0000525d0000204d0000617400007e
:102cc4006820000045720000726f0000722c000042
:102cd40020740000696d0000652000002564000078
:102ce4002e250000640d00000a0a00000000000008
:102cf4005365000072690000616c0000206e0000e2
:102d0400756d000062650000722c000025640000ef
:102d14000d0a0000004f0000776e0000657200008d
:102d2400206e0000616d0000652c0000257300001a
:102d34000d0a0000004f0000776e0000657200006d
:102d440020700000686f00006e6500002c250000f4
:102d5400730d00000a000000436f00006e6600005f
:102d6400696700007572000061740000696f0000fb
:102d74006e200000736500006c6500006374000041
:102d8400656400002c250000640d00000a000000aa
:102d9400585f0000315f0000672000002832000007
:102da40034670000292c0000256400000d0a00008f
:102db40000480000785f0000315f000067200000d9
:102dc4002838000030670000292c0000256400002a
:102dd4000d0a0000005800005f3000005f6700002b
:102de4002028000032340000672900002c25000050
:102df400640d00000a000000487800005f30000005
:102e04005f670000202800003830000067290000b8
:102e14002c250000640d00000a000000595f00002a
:102e2400305f000067200000283200003467000093
:102e3400292c0000256400000d0a0000005a00003f
:102e44005f3000005f67000020280000323400007b
:102e5400672900002c250000640d00000a00000012
:102e64004861000063630000207000007265000088
:102e7400736500006e7400002c250000640d0000d2
:102e84000a00000053650000636f00006e640000d8
:102e9400456e0000676900006e650000446500002f
:102ea4006c610000795400007269000067670000db
:102eb40065720000205b0000735d00002c2500009b
:102ec400640d00000a0000004d610000696e0000fe
:102ed40050610000726100006368000075740000b6
:102ee40065540000726900006767000065720000a5
:102ef400486500006967000068740000205b0000fa
:102f04006d5d00002c250000640d00000a00000027
:102f14004c610000756e0000636800007061000081
:102f240064480000656900006768000074200000c0
:102f34005b6d00005d2c0000256400000d0a00009c
:102f440000540000656d00007065000072610000af
:102f540074750000726500004f660000667300001f
:102f640065740000312000005b64000065670000a8
:102f74005d2c0000256400000d0a000000500000d4
:102f84007265000073730000757200006520000014
:102f9400636f0000656600006669000063690000f5
:102fa400656e000074200000233100002c34000002
:102fb40034330000333000002e370000370d00009a
:102fc4000a00000050720000657300007375000071
:102fd40072650000206300006f65000066660000f3
:102fe40069630000696500006e740000202300001e
:102ff400322c0000302e0000313900003032000045
:1030040036330000320d00000a0000005072000048
:103014006573000073750000726500002061000094
:103024007420000073650000612000006c650000de
:10303400766500006c2000005b500000615d0000bc
:103044002c3100003031000033320000350d000017
:103054000a000000536100006d7000006c65000000
:10306400732000007065000072200000736500008a
:10307400636f00006e6400002c31000030300000eb
:103084000d0a00000d0a00000073000065630000d3
:103094006f6e0000647300002c3100002f310000bb
:1030a40030300000206f00006620000073650000cf
:1030b400636f00006e6400002c5800005f61000024
:1030c400636300002c5900005f610000636300002b
:1030d4002c5a00005f610000636300002c4800006c
:1030e400585f000061630000632c00000050000082
:1030f400726500007373000075720000652c000097
:103104004b6100006c6d0000616e000020700000d7
:10311400726500007373000075720000652c000076
:103124005661000078690000732c0000416c0000b7
:103134007469000074750000646500004672000044
:103144006f6d00005072000065730000737500001d
:10315400726500002c0000004865000069670000eb
:10316400687400002c530000746100007465000052
:103174000d0a000000450000525200002025000006
:10318400640d00000a00000000950000000000002b
:103194000000000001f90000000000000000000031
:1031a40008870000040000000000000009af0000d0
:1031b40000000000010000000a1b000000000000e5
:1031c400010000000cc3000001000000000000002a
:1031d4000daf0000020000000000000010ff00001e
:1031e400000000000000000011ff000000000000cb
:1031f4000100000012ff00000000000001000000b8
:1032040018ff0000000000000100000019ff00008a
:10321400000000000100000020ff0000000000008a
:103224000000000021ff000000000000000000007a
:1032340026df0000010000000000000037730000da
:1032440000000000000000003a2500000400000017
:10325400000000003b25000000000000000000000a
:1032640029ff0000040000000000000017ff000018
:103274000000000000000000626c000061640000b7
:10328400206f0000646300007a7900007475000008
:10329400204900003243000000530000656e000026
:1032a400736f0000727300002e630000005b000067
:1032b40045520000524f0000525d000020280000db
:1032c400257300003a250000643a000020650000e0
:1032d400727200006e6f00003a2000002573000037
:1032e40029200000626c000061640000206f00006f
:1032f400646300007a7900007475000020490000be
:08330400324300000a00000042
:020000040000fa
:10480000c038220012c0b300e138220002587800fc
:10481000808f5000fdff3a008040eb00a04f220047
:1048200001487800004f2200014878000080eb002a
:104830008080eb006027890071278900a02789000c
:10484000b127890019290700c04322008001070011
:104850008000eb000004e00003003a002039220051
:104860000048eb0011002000010078000000060065
:10487000e8874700889fbe008a9fbe008c9fbe00cd
:104880008e1f7800000678000107780082f79f00ed
:1048900093f79f0040109000e0b79f007c109000bd
:1048a0008c189000101e9800211e98006e10900029
:1048b0000080ea00f0b79f006fb097000000e000b2
:1048c00007003a0012c0b300f48057000c007800d3
:1048d000cc0407000000e0007f003a007c003700b5
:1048e0006f0060007c00320012c0b300f4805700fb
:1048f0000c007800c30407000000e00076003a00d6
:1049000073003700f48057000c007800da070700c6
:10491000e24f5000720032000004e0005d003a00f7
:10492000ec109000f103b2001ff197000204e000c8
:1049300003003200e14f51005f003a0014003700dd
:10494000e88f50005c0032007c054600fc04470004
:10495000bbc0b3001a80fb00f3ee07000004780030
:104960001980fb00f0ee0700800f54004d003a0064
:104970008b45e9000a05e8008904e8000b04e00023
:104980004a003200f3ff3700b80020002100370052
:104990007fb197000100610047003a00ef8f50009f
:1049a00045003200ce589000a0c2b30080cf500026
:1049b00017003200fc0546007c0547008dc0b3009f
:1049c0009b4078009a447800a0c2b30080cf540086
:1049d0000f0032007540400080cf540007003200c5
:1049e0000180fb00d0ee0700000478000980fb0086
:1049f000cdee0700800f5400e3ff3a008d46e9003a
:104a00008b05e8000a05e8000d04e000ecff3a0021
:104a10000004eb00ce609000a0c2b30080cf500035
:104a2000250032000800e00023003a004b0220007d
:104a30008c8545004a0220000e0545003dc0b300ac
:104a40009b4078009a447800a0c2b30080cf540005
:104a5000180032007540400080cf5400070032003b
:104a60000180fb00b0ee0700000478000980fb0025
:104a7000adee0700800f54000a003a008d46e900b1
:104a80008b05e8000a05e8000d04e000090032008b
:104a9000ebff37000ff097000004e0000300320046
:104aa00005003700b8002000030037000004eb00c9
:104ab000010037000004eb00efb097008100e80030
:104ac000e1b79f000800e000050032008dff3700cd
:104ad000b801200002003700b800200089ff37002d
:104ae000080078004f0778004f06be004f05be0053
:104af0004f04be008f00b10000000600889fbe007a
:104b00008a9fbe008c9fbe008e1f78000004be00ee
:104b100002477800100678003c6090007d0020007d
:104b20000004e000590032007810900088189000ce
:104b3000101c9800211c9800190078000000e0006b
:104b400006003a0012c0b3000800be002d040700a2
:104b50000000e0000a003a00070037006f00600024
:104b60000700320012c0b3000800be002504070091
:104b70000000e00002003a00bd0120000100370003
:104b80008006eb000800be003b0707000004e000c1
:104b900002003200bd0020003c0037006000b80079
:104ba00070049800010c980018009000a800900074
:104bb00030049800410498000000eb005004980075
:104bc0006004980018019000a80190000c00780083
:104bd0008c0a07000005be00804f22001004e00090
:104be00005003200130c07000004e0000200320050
:104bf0009d0020002500370098278900a02781000c
:104c0000b1278100800f5500818f5d000d003200bb
:104c1000a04f22000048eb001c80fb001c419000cc
:104c20004811dd00000171000a00be008c28070059
:104c30000004e00001003a008d002000aa2789004e
:104c4000bb278900380890000020a100300c980094
:104c500070c7b300804f5700030032007640500009
:104c6000804f570005003a00380890000000a0006f
:104c70000010a100300c98000400370038089000a4
:104c80000000a1000010a000300c98000d0078007a
:104c90004f0778004f06be004f05be004f04be0010
:104ca00000000600f0874700889fbe008a9fbe0074
:104cb0008c9fbe008e1f7800800678000205be0023
:104cc000100678002c609000e14f50000300320085
:104cd000e34f50000a003a001200370080ff200026
:104ce00001002000b0b79f00c1b79f00f0ff2f0068
:104cf00001002000d0b79f00e1b79f0011003700ee
:104d000080ff2f0001002000b0b79f00c1b79f00b7
:104d1000f0ff2f0001002000d0b79f00e1b79f00f7
:104d20000800370080ff2f00f1ff2000b0b79f0080
:104d3000c1b79f00f0ff2f00f1ff2000d0b79f0008
:104d4000e1b79f000a04be008040eb00c1e79f006e
:104d50000087eb000ed8b900f0b79f0081bf9f001d
:104d60003d019000cd0190000c007800420e07003c
:104d70000002be005fb09700efb09700800f5200b6
:104d8000818f5a0003003a0081c0b300c1e79f0041
:104d900016003700cc5090008180fb005c509000e2
:104da0004800dd0001017000ec5090008180fb00a4
:104db0007c5090004800dd0081017000820f52009d
:104dc000838f5a0002003900a0c0b300c0e79f00e3
:104dd0003fb09700cfb09700800f5200818f5a00ec
:104de00002003900c1c3b300c1e79f00b4069800b8
:104df000c506980061045400e0845c000e51b800c0
:104e00000ed0b90003004000ffb0970081014000c0
:104e10000201450083814d00880f5100898f5900a0
:104e2000030032004fe097000004e000ccff3200a6
:104e3000cfe097000180fb004f0778004f06be00cf
:104e40004f05be004f04be000f01b1000000060078
:104e5000881f7800000478000040eb003064980060
:104e600000f22100004c78004800de001044980059
:104e7000282a0700000178001004e0000400320036
:104e800061c0b300203922000148780020003700bb
:104e9000001020001200600011003200120090008b
:104ea00001002000005c98004800de00105c9800c3
:104eb0000000eb00205c9800305c980092009000ad
:104ec00000202000808f50000500360011c2b30082
:104ed0002039220001487800100220000d00370020
:104ee000080078000d000700804078000004e00012
:104ef00007003a0008007800cc00070080407800e6
:104f00000004e00002003a0010c0b30030649800d2
:104f10000180fb004f04780000000600881f780025
:104f2000000478001080fb00184190004811dd005b
:104f3000000171006000b800c9270700e14f500070
:104f40000500320081c0b3002039220001487800fa
:104f500001407800b20037009880fb0018409000b4
:104f60004800dd0001017000e2f8930050c5b30075
:104f700080cf50006d003a00f2f89300a0cab30051
:104f800080cf500069003a006103200002007800e1
:104f90008109070061c4b300814f50002d003a0021
:104fa0009880fb00184090004800dd000100700070
:104fb000710320007809070011c4b300814f50002d
:104fc00024003a009880fb00184090004800dd0063
:104fd00001007000810320006f09070041c5b30084
:104fe000814f50001b003a009880fb001840900051
:104ff0004800dd00010070009103200066090700f1
:1050000011c3b300814f500012003a009880fb009a
:10501000184090004800dd0001007000610220008f
:105020005d09070091c2b300814f500009003a00aa
:105030000040eb0020449800304498004044980021
:105040005044980020c0b300206498000000eb009a
:10505000740037009880fb00184090004800dd0085
:1050600001007000210520004b09070061c4b30056
:10507000814f50002d003a009880fb0018409000ae
:105080004800dd00010070003105200042090700e2
:1050900011c4b300814f500024003a009880fb00f7
:1050a000184090004800dd0001007000410520001c
:1050b0003909070041c5b300814f50001b003a0079
:1050c0009880fb00184090004800dd00010070004f
:1050d000510520003009070031c3b300814f500053
:1050e00012003a009880fb00184090004800dd0054
:1050f00001007000210420002709070091c2b300bd
:10510000814f500009003a000040eb002044980015
:1051100030449800404498005044980030c0b30098
:10512000206498000000eb003e0037009880fb00f0
:10513000184090004800dd0001027000e4f8930080
:1051400050c5b30080cf500004003a00f4f893003b
:10515000a0cab30080cf50000500320041c0b300a8
:105160002039220001487800014078002c003700e7
:10517000e4c093008180fb0074c093004800dd0010
:105180000101700084c893008180fb0014c8930063
:105190004800dd0081017000224498004810de00c4
:1051a00030449800434498004818de00504498006a
:1051b00024c09300ee4f500015003e000000fb009d
:1051c000110020000009dd0000052400000061003e
:1051d00007003a00008021000000610008003a004a
:1051e0000218a3000a003200216498000c00370066
:1051f00020c0b300206498000040eb000800370096
:1052000030c0b300206498000040eb000400370079
:1052100051c0b300203922000148780001407800d5
:105220000080fb004f04780000000600ea8747007a
:10523000889fbe008a9fbe008c9fbe008e1f780094
:10524000000578001080fb001a4190004811dd0035
:10525000000171002a4290000482fb00ba419000d4
:10526000c819dd00048071004a4290000482fb00ee
:10527000da419000c819dd0084807100f82607002b
:1052800082c0b300e14f5000aa013a009a80fb00af
:105290001a4090004800dd00810570000006eb0018
:1052a0000c077800010037001c002000ebf8930089
:1052b00050c5b30080cf500023013a00fbf89300a3
:1052c000a0cab30080cf50001f013a009a80fb00b3
:1052d0001a4090004800dd0001007000e10020004d
:1052e000b0080700000478009a80fb001a40900084
:1052f0004800dd0001007000d1002000a608070072
:10530000106598006140b800f0b79f0081bf9f0012
:10531000aa4190008381fb003a4190004811dd00d2
:1053200003007100ca4190008381fb005a41900044
:105330004811dd00830071007fb197008fb997009d
:105340000000410081804900604598004801de006e
:1053500072459800014d98004808de00104d9800f5
:105360009a80fb001a4090004800dd0001007000a8
:105370000101200088080700006598009a80fb0062
:105380001a4090004800dd0001007000610120001b
:10539000840807006101b800f80f2000425d980002
:1053a0004811de00525d98008000eb00615d9800be
:1053b000715d98000000e0000e003a009a80fb004a
:1053c0001a4090004800dd000100700041022000fa
:1053d0007a08070008016000425d98004801de007d
:1053e000525d980008816000625d98004808de0008
:1053f000705d9800ea4090008180fb007a40900048
:105400004800dd00010370008a4890008180fb00a5
:105410001a4890004800dd00810370000a64900083
:105420000884fb0009002000ca5890008180fb001e
:105430005a5890004800dd0001027000ea589000c0
:105440008180fb007a5890004800dd0081027000e6
:105450000440b80005c4b90088804000060340003d
:1054600087834800f30f200003006300204d98005d
:105470004830de00304d980003806300404d9800b6
:105480004838de00504d98009a80fb001a4090008a
:105490004800dd00010070001101200041080700f4
:1054a000f20f200082006000215598004800de00c5
:1054b000305598009a80fb001a4090004800dd00ab
:1054c0000100700031012000360807006104b800b7
:1054d0000000e00007003a009a80fb001a409000ac
:1054e0004800dd00010070000102200033080700c1
:1054f0000004be009a80fb001a4090004800dd00c6
:1055000001007000b1002000260807008006780026
:105510000000e0008e0032000008a3008c003a007a
:10552000aa5090008180fb003a5090004800dd00b6
:10553000010070004500dd00008046000000e90029
:10554000110009000d80d8006101b800d2b79f009a
:10555000e3b79f000a6390000683fb00070020006a
:10556000ca5890008180fb005a5890004800dd0026
:1055700001027000ea5890008180fb007a58900088
:105580004800dd00810270000430b80005b3b900a6
:10559000868040007fb197008fb9970002004000dd
:1055a000838048005fb19700efb197000200400090
:1055b000838048000000540081805c001a619000e4
:1055c0000281fb000300200055ed07000001be0032
:1055d000f10f200001006100405598004810de00e6
:1055e0005055980001806100605598004818de0011
:1055f0007055980040ff2000800f5100e08f590047
:1056000003003e0010c0b30020659800080037007a
:10561000ec0f4100e08f590003003e0020c0b300b2
:10562000206598000200370030c0b3002065980064
:105630002a609000e34f500020003a009a80fb005f
:105640001a4090004800dd0001007000c1022000f7
:10565000da070700701c8900811c8900aa489000a5
:105660008180fb003a4890004800dd000101700095
:10567000ca4890008180fb005a4890004800dd0035
:10568000810170005fb09700efb09700000141000a
:1056900081814900f10f200001006100604d9800f8
:1056a0004810de00704d98000180610000559800a0
:1056b0004818de00105598001e0037006000b80042
:1056c000701c8900811c8900aa4890008180fb0021
:1056d0003a4890004800dd0001027000ca4890007e
:1056e0008180fb005a4890004800dd008102700074
:1056f0002a5190000281fb003a5090004800dd00e2
:10570000020070004400de0000004200e0804a0019
:10571000f30f200003016000624d98004801de0095
:10572000724d980003816000025598004808de0021
:10573000105598000041eb0000202000808f56009b
:10574000040036000200370032c0b3000100370009
:1057500012c2b3002a609000e34f500007003200ed
:105760000204e000750032002bc0900081cdb30030
:1057700001404000e14f50006e003e00bb509000e1
:105780008180fb004b5090004800dd00010070005c
:105790002c003a004b7090000004e00029003a0011
:1057a0005b7090000004e00026003a006b709000ef
:1057b0000004e00023003a007b7090000004e00049
:1057c00020003a000b7890000004e0001d003a0031
:1057d0001b7890000004e0001a003a002b7890003b
:1057e0000004e00017003a003b7890000004e0005d
:1057f00014003a004b7890000004e00011003a00d9
:105800005b7890000004e0000e003a006b78900096
:105810000004e0000b003a007b7890000004e000f8
:1058200008003a002bc0900081cdb3000140400039
:10583000e14f500003003e000204e00002003a0085
:105840003e00370032c0b3000c00e0001d003a00fb
:105850001a80fb001a4190004811dd000001710020
:10586000aa4090008180fb003a4090004800dd0093
:1058700001027000ca4090008180fb005a409000f5
:105880004800dd0081027000ab7190008381fb0055
:105890003b7090004800dd000300700000004200f3
:1058a000e0804a006e250700e14f50007efe320086
:1058b00081c0b30020392200014878008000200018
:1058c0001f0037000e00e0001a003a001a80fb00ab
:1058d0001a4190004811dd00000171002a42900039
:1058e0000482fb00ba419000c819dd0004807100f9
:1058f0004a4290000482fb00da419000c819dd00a2
:105900008480710066004000e08048005425070054
:10591000e14f500002003a001e00200063fe3700f5
:1059200081c0b300203922000148780080002000a7
:105930000300370020392200024878000280fb0073
:105940004f0778004f06be004f05be004f04be0053
:10595000af00b100000006000001780020089000b0
:1059600001002000c000dd0000002000520990006e
:105970000300200002007000838070000000060019
:10598000889fbe008a9fbe0010047800101d900002
:10599000a01d90001100780001002000885a90009e
:1059a0008582fb00185a90004822dd000501720034
:1059b000a85a90008582fb00385a90004822dd00ea
:1059c000850172004b1add004511de0002017200f4
:1059d000c519de0052ec0700804478002860900072
:1059e000e14f500016003900e24f50000900360028
:1059f000e34f500012003a000980fb00186190004c
:105a00000281fb00110009000280d8008144780067
:105a10000b003700701c8100811c8100800f550035
:105a2000818f5d00060032000980fb001861900044
:105a30000281fb00110009000280d8008144780037
:105a40000a01be0008007800ee0607009881fb00fe
:105a5000184190004811dd00030171000982fb002c
:105a6000050020000000420081804a008041eb00d8
:105a7000da2607000080fb000000e9004f00de008e
:105a80000004a2000080fb004f05be004f04be00d2
:105a9000000006000800fa00889fbe008a9fbe0032
:105aa0008c9fbe000005be000206780022609000b8
:105ab000e14f500003003200e34f50000a003a006b
:105ac00012003700f0ff2f0001002000e0b79f0018
:105ad000f1b79f0082ff20000300200082bf9f00db
:105ae00093bf9f0011003700f0ff2f00010020003e
:105af000e0b79f00f1b79f0082ff2f000300200056
:105b000082bf9f0093bf9f0008003700f0ff2f0067
:105b1000f1ff2000e0b79f00f1b79f0082ff2f0048
:105b2000f3ff200082bf9f0093bf9f00e10f55004d
:105b3000e08f5d00210036000a01be000c007800f5
:105b4000cd0a07000004be006fb09700ffb09700b9
:105b5000880f5000898f58001a003200e10f54005e
:105b6000e08f5c00150036002d0020000fb9970073
:105b70009fb99700880f5100898f590001003600a6
:105b80008006eb008040eb006022b8000a01be00f6
:105b90000c007800e30b07006fb19700ffb197008e
:105ba000800f5100818f5900060032000805be00a9
:105bb0000d00e00004003a00dfff37002d00200058
:105bc000010037001d00200011c0b3006022b800a2
:105bd0000401be000c007800d20b07000d00780015
:105be0000010a2000000ea004f00de00610010007b
:105bf0004f06be004f05be004f04be000080fa00f5
:105c000000000600ee874700889fbe008a9fbe0006
:105c10008c9fbe008e1f780000067800f1b79f00b1
:105c200082f79f001004780070129000801a900094
:105c3000101d9000a01d900011037800885890005e
:105c40008180fb00185890004800dd0001017000c1
:105c5000a85890008180fb00385890004800dd0073
:105c6000810170004b18dd004511de00020170005b
:105c7000c519de008286fb00110009000d83d800e3
:105c80008044780028609000e34f50000b003a00f9
:105c90000980fb00186190000281fb0011000900df
:105ca0000280d8008144780080ff2f00f1ff20009f
:105cb000b0b79f00c1b79f001100370080ff2f00d1
:105cc00001002000b0b79f00c1b79f00e00f520055
:105cd000e08f5a000a0032000980fb001861900032
:105ce0000281fb00110009000280d8008144780085
:105cf00080ff2f0001002000b0b79f00c1b79f00b8
:105d00008ff097000104e00002003a006f0063008a
:105d100082003a000904e00002003a008d0f5300af
:105d2000030031000ff097000004e0001d00320076
:105d3000e00f5200e08f5a0002003a000405be0056
:105d4000180037008ff097000104e00008003200cf
:105d5000186190000281fb0002e9b90011000900fe
:105d60000283d80000017800024778000b0037005a
:105d70001ec0b3000a01be00080078003e0a0700fa
:105d80000005be003fb29700cfb29700800f5200cf
:105d9000818f5a00030036000e47e9000e04e00030
:105da000f4ff3a003fb09700cfb09700800f550046
:105db000818f5d00540031001a1e98002b1e980040
:105dc0000a01be00080078000e060700d0b79f0049
:105dd000e1b79f00701c8100811c8100800f55007d
:105de000818f5d0017003a000982fb00050020004a
:105df0005fb09700efb097000002420081824a0036
:105e0000e84890008180fb00784890004800dd0061
:105e100001017000885090008180fb0018509000b4
:105e20004800dd0081017000820f5200838f5a000c
:105e300004003900286090000001eb00e34f50009f
:105e400041003a00804f22001004e00004003200bc
:105e5000780707000001eb000004e0003a003a0078
:105e60000005eb009a278900a04f22000a4878001d
:105e70001880fb00184190004811dd0000017100fe
:105e80000980fb00010020005fb29700efb297008d
:105e90000400400085804800f1230700e14f5000d6
:105ea000020032000a017800120037008ff29700da
:105eb0000504e0000b0032001880fb001841900040
:105ec0004811dd0000017100ffb09700110078005b
:105ed000110009000d80d800c508dd000101410056
:105ee000040037009880fb00184090004800dd0057
:105ef000010170000080eb008080eb00a02789008a
:105f0000b12789001000370011c0b300904f220064
:105f1000014878000001eb000b0037001880fb00ff
:105f200098409000c808dd0080807000811f7800d4
:105f3000110009000d83d80001007800cf0078001f
:105f40004500dd0000814000020078004f07780026
:105f50004f06be004f05be004f04be00ef00b1006b
:105f600000000600889fbe008a9fbe008004780063
:105f7000010478000245780083057800203922006a
:105f80000048eb008008eb000900780035000700ae
:105f9000410120000004e0000c0032000a417800ba
:105fa0008800780009007800730007008080fb00fb
:105fb0000004e00005003a000b00e000030032009e
:105fc00009007800070007008000780020392200cf
:105fd00001487800010078004f05be004f04be0064
:105fe000000006000600fa00889fbe0080047800ca
:105ff00040109000d0bf9f00ea8057000900780051
:10600000f3040700800078000000e00011003a006f
:106010006684570088007800090078007202070043
:10602000bfb8970051089800cfb89700f2ff200042
:1060300082806000210898008800780009007800bc
:106040004ffe070091002000e14f500001003a0090
:106050008000eb00010078004f04be000080fa00d1
:1060600000000600889fbe008a9fbe000004be009c
:106070008018900070109000101c9800211c98004f
:1060800012c0b3000800be00defe07000045eb00b2
:106090000000e00025003a002b0037001045780092
:1060a000990ce8000000e00005003200fb4f4500bd
:1060b000270032000a04e000250032001b003700f0
:1060c00018199000a8199000701c8100811c810093
:1060d000800f5100818f59000c003a0018007800a1
:1060e00020609000e34f50001b003a0032049800fb
:1060f0004304980011c0b300080078006200070054
:10610000f54f500012003a00130037003204980097
:106110004304980011c0b300080078005a0007003b
:10612000f54f50000a003a000b003700990578003f
:106130000041eb000800be00b2fe07000000e000d6
:10614000d6ff3a00d6ff37000000eb00070037000b
:106150008040eb000100370021c0b3008b0c7800b9
:10616000100020000104e000f7ff3a004f05be00d8
:106170004f04be0000000600889fbe008a9fbe003c
:10618000800478000105780082457800801890002e
:1061900070109000901c9800a11c980012c0b300d1
:1061a0008a0078000900780096fe07000004780055
:1061b000b00120000800e00030003200fc80440004
:1061c000b200200008007800eced0700f2cf550087
:1061d00003003a0000c1b300304c980002003700c1
:1061e00000c2b300304c98000040eb00404c9800d7
:1061f0000000eb00200c9800500c98006011b800d3
:10620000620c9800730c980020cbb300504c98009f
:106210008027270070049800012b2300010c9800b0
:10622000110c98000000e800300c9800410c980018
:10623000920c9800a30c9800f8009000c10c9800f4
:1062400008089000d00c9800384890000080fb00af
:10625000e01498009a007800c11498008a00780031
:1062600009007800c6fd070091c0b300e14f50005f
:1062700001003a008040eb000180fb004f05be00aa
:106280004f04be0000000600889fbe008a9fbe002b
:106290008c1f780000057800014678009005780092
:1062a000310007000004be0050012000e00f540040
:1062b000e08f5c00280032002b609000e14f50001e
:1062c00007003a008040eb0084ff2000050020001a
:1062d0000801be000b007800120a07000f0037000b
:1062e000e24f500007003a008040eb0084ff2f008f
:1062f000050020000801be000b007800090a070015
:10630000060037008040eb0084ff2f00f5ff2000df
:106310000801be000b007800020a07003a01900055
:10632000ca0190008040eb000802be000b0078001c
:10633000fc09070038059800490598000000eb00ab
:10634000e14f560004003a000801be000b0078003f
:10635000520407000080fb004f0678004f05be0086
:106360004f04be00000006000800fa00889fbe002f
:106370008a9fbe008c1f78001006780030059000c0
:10638000c00590002c609000e14f500003003200e7
:10639000e34f50000a003a001200370070ff20005f
:1063a0000100200090bf9f00a1bf9f00f2ff2f00bf
:1063b00003002000f2b79f0083bf9f001100370049
:1063c00070ff2f000100200090bf9f00a1bf9f0021
:1063d000f2ff2f0003002000f2b79f0083bf9f0051
:1063e0000800370070ff2f00f1ff200090bf9f00d2
:1063f000a1bf9f00f2ff2f00f3ff2000f2b79f0024
:1064000083bf9f00e10f5500e08f5d0002003e005a
:106410002a0020000b0020000a01be000c007800ba
:1064200095080700e00f5500e08f5d0002003a007c
:106430000a04be002c0037000a04be000801be009a
:106440000c0078008c0807007fb197008fb9970087
:10645000800f5100818f590022003200e00f500060
:10646000e08f58002000320061044400e0844c00ba
:106470001fb99700afb99700800f5100818f590065
:106480000f003200cc5090008180fb005c509000e7
:106490004800dd0001017000ec5090008180fb009d
:1064a0007c5090004800dd008101700062014100d5
:1064b000e0814900820f5400838f5c0002003900a4
:1064c0002800200009002000880f5500898f5d00fa
:1064d00004003200e00f5400e08f5c000200320044
:1064e000d6ff37006044b8000800be004f067800b1
:1064f0004f05be004f04be000080fa0000000600f9
:106500000200fa00889fbe00800478002039220033
:106510000048eb0049109000d0bf9f003908900060
:10652000830420000008a3003e003200804f2200b8
:106530001004e00008003200be0507000004e0007f
:106540000500320091c0b3002039220001487800d4
:106550008081eb003f00370011c0b3006022b8001b
:106560000401be00190078006e0907006000b80041
:10657000602789007127890039019000c9019000c6
:10658000190078003c080700e680570009007800f1
:1065900015010700000478000000e00005003a0043
:1065a000b1c1b30020392200014878008081eb009e
:1065b000280037006d00070019089000a908900016
:1065c000600c9800710c9800c9689000314c9800dc
:1065d000e680570009007800e9fc07000004e000ad
:1065e00009003200e680570009007800fe0007002d
:1065f0008001eb000800370011c0b300c038220052
:10660000017178000f00370091c0b30020392200db
:10661000014878008081eb00390890000000a1005b
:10662000b00c98000001eb0000322200808f540073
:10663000f1ff32000201e8006003b000e20f5100f8
:10664000faff3a0080042000808f510001003a00d8
:106650008001eb00030078004f04be000080fa00c8
:10666000000006000200fa00881f7800000478008d
:10667000203922000048eb0048109000e0bf9f0046
:10668000380890006100600035003200804f220021
:106690001004e00008003200660507000004e00076
:1066a0000500320091c0b300203922000148780073
:1066b0000080eb002a00370011c0b3006022b80050
:1066c0000401be0018007800160907006000b80039
:1066d000602789007127890038019000c801900067
:1066e00018007800e4070700e480570008007800ed
:1066f000bd0007000000e00005003a00b1c1b30092
:1067000020392200014878000080eb001400370097
:1067100018099000a8099000620898007308980072
:10672000c869900033489800e4805700080078005a
:1067300093fc07000004e00005003200e4805700ed
:1067400008007800a80007000000eb0004003700f4
:1067500091c0b30020392200014878000080eb008e
:106760004f0478000080fa0000000600881f7800bf
:1067700000037800300890007f426000c500de0012
:10678000f3c3b30003c16000cb01de0046089000f4
:10679000ff42600080007800011eb200c50bde00e1
:1067a0004904de00fc4f520002003e000440e800b5
:1067b00021003700a0c3b300804f510003003e000a
:1067c0000241e8000040eb001b003700f6cf51000b
:1067d00004003e008341e8000040eb0000417800e7
:1067e00015003700fdcf520005003e008542e8004d
:1067f0000040eb0000417800804178000e00370037
:10680000ebcf530006003e008743e8000040eb005a
:10681000004178008041780015c0b30006003700c1
:106820000844e8000040eb00004178008041780017
:1068300015c0b300854378008080fb000280fb0018
:106840004500dd00808070004b18dd008080700006
:10685000310b98008580fb000780fb004500dd00c0
:10686000808070004940dd0080807000410b9800fe
:106870004f04780000000600889fbe008a9fbe007b
:106880008c9fbe008e1f78000006780001077800fc
:10689000910078006f8060000c003a000100e00079
:1068a0000a0032007c1090008c189000101e980096
:1068b000211e980012c0b3008e0078000c007800f2
:1068c000d0fc070080057800050037000041eb0090
:1068d0008e0078000c007800cafc07008005780064
:1068e0000b00e000390032001b40780018c0b300f4
:1068f000fb4f4000360032000004e000330032005d
:106900008b0478007c0446000045eb003980fb00d6
:106910000ce70700005c78000a45e800e84f5500e6
:10692000faff3a00e88645008004eb000944450080
:106930000884fb007c0444000c0444003d80fb0000
:1069400000e70700004c78008904e800e38f54005a
:10695000f6ff3a001e0778004e16980050ceb3009e
:106960001b4068000080fb000000e9004f04de00cf
:106970006b089000fb089000100e9800210e980004
:106980000b007800f4fb0700100698002106980021
:106990003b4890000080fb00601698000048a30070
:1069a00005003200fb009000410e98008b0d900016
:1069b0005b0e9800060037003b089000400e9800e0
:1069c000cb0d90005b0e98000100370028c0b3008b
:1069d0000880fb004f0778004f06be004f05be0041
:1069e0004f04be0000000600889fbe000004be00e9
:1069f0008018900070109000101c9800211c9800c6
:106a000012c0b3000800be007efc070080007800c2
:106a10000000e00013003200104078000004e000a5
:106a200012003200fb4f400010003200314890004d
:106a3000ef4f50000e003a00990ce8000041eb00c7
:106a40000800be006ffc0700800078000000e00036
:106a50000400320030489000ef4f500004003a002c
:106a6000f5ff37008000eb00010037008000eb00ed
:106a7000010078004f04be0000000600889fbe00a1
:106a80008a9fbe008c1f7800800478000105780082
:106a9000824578001006780012c0b3002039220029
:106aa000024878007910900089189000901c980096
:106ab000a11c98008a0078000900780051fc0700aa
:106ac00000047800b10120000000e0002500320041
:106ad000104078000004e00021003200fb4f40002d
:106ae0001f00320050ceb300004c78008a007800be
:106af00009007800a2fb0700110020000004e0005c
:106b0000180032000800780093fb07000002be0066
:106b10001a0de900701c8100811c8100840f500057
:106b2000858f58000a0032000b04e0000800320094
:106b30000c0178000400be00d6fb07008000eb00cb
:106b40000004e00003003a001100200001003700bb
:106b50008000eb0020392200014878000100370056
:106b6000b1002000010078004f0678004f05be00fc
:106b70004f04be00000006006e00fa00889fbe00b1
:106b80008a9fbe00800478008105780028392200a1
:106b9000004ceb00ad2207000004e00004003200ce
:106ba00080c1b300004c78008080eb0048003700c3
:106bb000c0f82f00008447008b00780008007800a0
:106bc000fc0107000041eb00880078000900780014
:106bd0000d0507000004e00005003a0021c1b300e4
:106be00020392200014878008080eb00380037000f
:106bf000c2f82f00028547008004eb00a99f9f0088
:106c0000e02781007011900080199000d29f9f00b2
:106c1000e39f9f0010199000a0199000f29f9f0021
:106c200083a79f0028fc2f00088447008a00780073
:106c300008007800df0107008941780012c0b30026
:106c40008a0078000800780009f70700eb0f500071
:106c50001b003a00cb119000d3879f00a1f82f00b2
:106c60008f8040000b0078005fff07007c814500ab
:106c700083fa2f0083804700eb8141008381470026
:106c80001159780031587800838f5000fcff3a008a
:106c9000a1f82f008f8040000b00780038fb070020
:106ca0008000eb000004e00009003a0091c0b3004e
:106cb00020392200014878008080eb000400370072
:106cc00011c1b30020392200014878008080eb0018
:106cd000010078004f05be004f04be000080fa009e
:106ce000000006000200fa00889fbe008a9fbe00d6
:106cf0008c9fbe0080017800010678000005eb0043
:106d0000c13822006ac078000004e00008003200a8
:106d10000040eb0000f578006003200000d0b900cf
:106d2000023222008004410009003a0003003700cb
:106d30000a05e800e20f5500f2ff3a0001c2b30075
:106d400020392200014878008004eb002c01370034
:106d50000041eb008900780003007800aa040700d6
:106d60000004e00008003a0011c0b300c03822005f
:106d70000175780021c1b300203922000148780054
:106d80008004eb001e0137009c457800c0432200c0
:106d9000800c78006000b80090049800a10498006e
:106da000b0049800c10498000004eb00c8149800d7
:106db00000022000e0149800701c8100811c8100fa
:106dc000f0149800811c9800701c8100811c8100c7
:106dd000901c9800a11c980089007800003d2200ba
:106de000740107008841780012c0b300013d220001
:106df000090078009ef607000000e000b8003a00a5
:106e000070c5b30080cf55001200320007003e006d
:106e10007640500080cf55003b003200714040006a
:106e200080cf5500a9003a009600370020c7b30074
:106e300080cf5500930032006540400080cf550060
:106e4000040032007640500080cf55009f003a0089
:106e50002d003700c910900091bf9f0012c0b300f1
:106e6000ee8057000900780004ff07000004780056
:106e70000000e000d3003a00130020000041780039
:106e8000ee8057000900780036fc07000004780007
:106e90000000e000cb003a0072c7b300ee8057005c
:106ea0000900780015f707000004780069109000c9
:106eb0000048a30005003200f1c1b30020392200d0
:106ec00001487800f80f2000be0037000800e000fd
:106ed000bc003a00210020006011b80009007800d1
:106ee00023050700000478009c409000b0c2b30066
:106ef00080cf5000b3003a00390890000010a00085
:106f0000b00c9800af00370019089000a908900055
:106f1000e00f5000e08f5800280032004910900028
:106f200090bf9f0072c7b300ee8057000900780041
:106f3000f2f6070000047800691090000048a300f2
:106f400005003200f1c1b300203922000148780069
:106f5000f80f20009b0037000800e00099003a007d
:106f6000210020006011b80009007800000507002a
:106f7000000478000000e00004003200a1c1b3006a
:106f800020392200014878000400370039019000c0
:106f9000c9019000c0432200b70507009c40900043
:106fa000b0c2b30080cf500086003a00390890008c
:106fb0000010a000b00c980082003700c9109000ab
:106fc00091bf9f0012c0b300ee8057000900780007
:106fd000aafe0700000478000000e00079003a00f3
:106fe0001300200000417800ee805700090078006f
:106ff000dcfb0700000478000000e00071003a00ac
:1070000072c7b300ee80570009007800bbf6070096
:1070100000047800691090000048a30005003200c9
:10702000f1c1b3002039220001487800f80f200098
:10703000640037000800e00062003a0021002000f0
:107040006011b80009007800c90407000004780046
:107050000000e00003003200a1c1b300203922008b
:10706000014878009c409000b0c2b30080cf50002f
:1070700054003a00390890000010a000b00c9800ad
:10708000500037004910900090bf9f0022c7b30006
:10709000ee8057000900780098f607000004780099
:1070a0009c409000b0c2b30080cf500045003a0031
:1070b000691090000048a30042003a00390890008f
:1070c0000000a000b00c98003e003700f1c1b300f2
:1070d0002039220001487800f80f200039003700dd
:1070e000013d220009007800b200070070c7b3001c
:1070f00080cf55000a00320070c5b30080cf550024
:10710000070032006a40400080cf55000400320082
:10711000b800200010c4b30080cf550029003a0009
:107120000001eb0092bf9f0013002000ee8057008b
:10713000090078008bfb0700000478000000e000e5
:1071400020003a0072c7b300ee80570009007800b3
:107150006af6070000047800691090000048a30058
:1071600005003200f1c1b300203922000148780047
:10717000f80f2000130037000800e00011003a006b
:10718000210020006011b800090078007804070091
:10719000000478000000e00003003200a1c1b30049
:1071a00020392200014878009c409000b0c2b30012
:1071b00080cf500003003a00390890000010a00072
:1071c000b00c9800212107000004e0000300320009
:1071d000390890000000a100b00c98000800e00001
:1071e0000500320011c0b300c038220001757800dc
:1071f0008004eb0002003700203922000048eb0039
:10720000090078004f06be004f05be004f04be00c7
:107210000080fa0000000600213922008048eb00bf
:10722000800890007000900000000600889fbe005b
:107230000004780029392200804ceb00032107006c
:107240000004e0000400320080c1b300804c7800ec
:107250000080eb003f0037000041eb00a139220025
:1072600008007800680307000004e00005003a0009
:1072700021c1b30020392200014878000080eb00d2
:1072800034003700a8392200c0432200000c7800e7
:107290006000b800e01c8900f11c8900001d890015
:1072a000111d89008004eb00191e890000022000d6
:1072b000301e8900701c8100811c8100401e8900e5
:1072c000511e8900601e8900711e890088007800a7
:1072d000003d2200370007008941780012c0b3004a
:1072e000013d22000800780061f507000000e00081
:1072f00005003200b1c0b3002039220001487800f7
:107300000080eb0013003700603c22001000780082
:10731000700060000500320031c1b3002039220046
:10732000014878000080eb000a00370012c0b3006b
:10733000213c2200a0392200d0fd07000000e0001f
:107340000400320011c0b300203922000148780047
:107350000080eb004f04be0000000600881f78008c
:1073600000047800804f22001004e0000100320089
:10737000300207006000b80070049800010c98000b
:107380000000eb0060049800500498001801900081
:10739000a8019000320498004304980090278900c7
:1073a0004f04780000000600203922001080fb0006
:1073b000000006000001eb0063032000617079000b
:1073c0000201e800830f5100fcff3a0000000600b4
:1073d000889fbe008104780010047800e2fb07005b
:1073e0000001be00808cbe0050012000e00f510063
:1073f000e08f59002700320028609000e14f5000d4
:1074000009003a008040eb0084ff200005002000c6
:1074100008007800c3050700e10f4000e08f580026
:1074200018003a0015003700e24f500009003a00fa
:107430008040eb0084ff2f0005002000080078004a
:10744000b8050700e10f4000e08f58000d003a003a
:107450000a0037008040eb0084ff2f00f5ff20007a
:1074600008007800af050700f2ff2f00f3ff2000af
:10747000820f5000838f580002003a0090002000d5
:10748000040037001901be0008007800030007005f
:107490000080fb004f04be0000000600889fbe0075
:1074a0008a1f78008c9fbe000005780055000700f9
:1074b0000006be00804f22001004e00004003200ed
:1074c000dc010700910020000004e0002d003a00dc
:1074d0000002eb0094278900a84f22001804e00066
:1074e0000d003a008a5890008180fb001a589000e5
:1074f0004800dd00010170009a80fb001a409000f6
:107500004800dd00010070008400780032e90700c7
:1075100010c0b300004c78001a6090000041eb00ee
:107520000004e000160032000c02be0061044200bc
:10753000e0844a001a80fb001a4190004811dd00e7
:10754000000171008041eb000400be002320070011
:1075500092c0b300e14f500001003a000041eb003f
:107560008c4054001a609000814f50000400360097
:107570000204e00002003a000802be00ebff370000
:107580008280fb00010078004f06be004f057800a6
:107590004f04be000000060060c078000080fb00c1
:1075a0000000060081004000114090004800dd000e
:1075b0009180fb000100700000000600889fbe0063
:1075c0008a9fbe0080047800010478008180e80072
:1075d000f4ff070001002000c005dd000a002000c4
:1075e0008800780009007800eeff07000100200005
:1075f00000007500818075004f05be004f04be007d
:1076000000000600881f7800000478000202be0017
:1076100020609000e34f500015003a0062035100d3
:10762000e0835900186090000080fb0001002000fa
:107630000032b8000780b90085024000e848900099
:107640008180fb00784890004800dd000101700057
:10765000885090008180fb00185090004800dd00a9
:10766000810170000400410085804900240037003a
:10767000e10f5100e08f59000d003e00a848900036
:107680008180fb00384890004800dd000101700057
:10769000c84890008180fb00584890004800dd00f9
:1076a000810170000400410085804900140037000a
:1076b00062035100e0835900186090000080fb00d5
:1076c000010020000032b8000780b90085024000a8
:1076d000e84890008180fb00784890004800dd0079
:1076e00001017000885090008180fb0018509000cc
:1076f0004800dd00810170000400410085804900e0
:107700004f047800000006000200fa00889fbe00c7
:107710000004780081447800213922008048eb0081
:1077200009007800800db20004003200f0c1b300ff
:10773000804878008080eb002c00370048109000d3
:10774000d0bf9f007810900088189000101c9800ff
:10775000211c9800e680570008007800a2fc070072
:107760000000e00005003a00b1c1b300203922005a
:10777000014878008080eb001c0037003048900002
:107780000038a30005003200f1c1b3002039220007
:10779000014878008080eb001400370068109000ea
:1077a0000048a30005003200094078000044a00012
:1077b0000080fb0060149800020037000980fb0085
:1077c00060149800e6805700080078006cf8070005
:1077d0008000eb000004e00004003a0091c0b30018
:1077e00020392200014878008080eb0001007800f9
:1077f0004f04be000080fa0000000600f687470034
:10780000889fbe008a9fbe008c9fbe008e1f78009e
:1078100001077800030478000289b900820078002b
:1078200003002000f2b79f0083bf9f00e0b79f00d6
:10783000380890006101600005003a00d1c1b30032
:10784000203922000148780082007800f2003700d9
:107850000100e000f00032007c1f07000004e0009f
:107860000500320081c1b3002039220001487800b0
:107870008000eb00e8003700a04f22000048eb003a
:1078800098047800680690007800900088089000be
:10789000c0b79f00d1b79f0038019000c801900089
:1078a0000900780057ff07005801900002054000ca
:1078b000e085480090278100800f54000c003200c2
:1078c000804f22001004e00008003200d9000700b9
:1078d0000004e0000500320091c0b300203922000e
:1078e000014878008000eb00cb0037009827890022
:1078f0000001eb00a0278100b1278100800f550017
:10790000818f5d001c003200804f22001004e000d7
:1079100008003200c70007000004e0000500320044
:1079200091c0b30020392200014878008000eb00ac
:10793000b9003700a04f22000048eb001980fb007f
:10794000194190004811dd00000171000a00be00dd
:10795000431d07000001eb000004e00004003a00b2
:10796000b1c1b30020392200014878008200200014
:10797000aa278900bb27890018089000a808900052
:10798000a0b79f00b1b79f000200e00018003200ce
:107990004fb59700dfb597008006eb0094003700e5
:1079a00091c0b30020392200014878008000eb002c
:1079b0009900370020392200014878008000eb0050
:1079c000950037000006eb0089003700b1c1b30015
:1079d00020392200014878000080eb008080eb0015
:1079e000a0278900b12789008000eb008a003700ba
:1079f0004fb59700dfb597006011b800f2af9f0058
:107a000083b79f00ffae97002fb09700bfb09700dd
:107a10008a0f50008b8f580003003a0038089000fe
:107a20000020a000300c98006162b80089589000d6
:107a30008180fb00195890004800dd0001017000b2
:107a4000a95890008180fb00395890004800dd0063
:107a500081017000820f5200838f5a003f003a006c
:107a6000814f22001104e000030032007100070082
:107a70000004e000caff3a00d80090008100e8004e
:107a800051049800196090000080fb0012c0b30000
:107a9000a2e79f00808f500016003a000006eb001e
:107aa0005c049800380890000028a300060032000b
:107ab0008c40780008007800f3f907008080fb0014
:107ac000ace79f00070037001200200003002000f1
:107ad0000800780073f407008080fb0013c0b30037
:107ae000a3e79f00f58f5000b2ff32000100e000d5
:107af000b4ff3a0038019000c801900009007800f6
:107b0000c0fe07005801900002064000e0864800d1
:107b1000982789002fe097000004e0000c00320055
:107b20001980fb00194190004811dd00000171002f
:107b30000c00be00ca1c07000004e000a3ff3200d6
:107b4000ac278900bd2789000006eb000300370041
:107b5000ac278900bd2789000006eb001980fb00d7
:107b600099409000c808dd00808070006fb09700d9
:107b70007fa997008fb197006041790002f67800e5
:107b80000c06e80061054500e0854d00cfb1970087
:107b900083065500380890000028a3000600320034
:107ba0002fb09700bfb0970061004000e080480010
:107bb000a0b79f00b1b79f0010c0b300814f220053
:107bc000804878007fa997008fb19700610141003c
:107bd000e0814900f2af9f0083b79f007fb097001c
:107be0008fb89700820f5000838f580085ff3a00ae
:107bf0006c0498007a0498000b0c98002fb1970041
:107c0000bfb19700120c9800230c980011000900d6
:107c10008e86d8008000fd00010078004f077800b4
:107c20004f06be004f05be004f04be006f01b100fd
:107c300000000600889fbe00992781001904780083
:107c400039019000c9019000080078006dfe07001e
:107c50000002be001880fb00184190004811dd00b2
:107c6000000171005900900000004200e0804a00cd
:107c70008041eb00591e0700910020000004e00045
:107c800003003200804f22000048eb008000eb0030
:107c9000010078004f04be000000060021392200d8
:107ca0008048eb000002eb0070019000800990001a
:107cb000a008900010089000800f5100818f59009b
:107cc00001003a00140020000400780000000600c3
:107cd000ee874700889fbe008a9fbe008c9fbe0033
:107ce0008e1f780001077800830478000289b900ac
:107cf0008206780003002000f2b79f0083bf9f0038
:107d0000e0b79f00223922000049eb0019047800f7
:107d10006906900079029000890a9000c4b79f001c
:107d2000d5b79f0039089000e200600003003a00d8
:107d3000e0c1b30000497800ac003700804f22005a
:107d40001004e00008003200baff07000004e00061
:107d50000500320091c0b3002039220001487800ac
:107d60008000eb00a100370090278100808f540035
:107d7000270032006162b800885890008180fb00c3
:107d8000185890004800dd0001017000a8589000cc
:107d90008180fb00385890004800dd0081017000b0
:107da000820f5200838f5a001900320099278900f0
:107db00039019000c90190000800780011fe070009
:107dc0005901900002054000e0854800a04f2200c4
:107dd0000048eb001880fb00184190004811dd00be
:107de000000171000a00be001d1c07000004e00035
:107df00005003a0081c0b300203922000148780014
:107e00008000eb0079003700aa278900bb27890092
:107e10000d00e0006a003a004fb59700dfb597000b
:107e2000bdb79f005e003700f1c0b30020392200cb
:107e3000014878005a00370081c0b3002039220081
:107e4000014878000006eb00550037001908900043
:107e5000a9089000800f5500818f5d0008003a004e
:107e6000d1c3b30020392200014878004c0037000c
:107e70004fb59700dfb597008002eb00b5b79f00c4
:107e80006162b800885890008180fb00185890000b
:107e90004800dd0001017000a85890008180fb00bf
:107ea000385890004800dd0081017000820f5200b8
:107eb000838f5a0024003a00d90090008100e80026
:107ec000d1049800186090000080fb00808f500063
:107ed00008003a000006eb00dc04980012002000c5
:107ee00003002000090078006ef307000004e000a2
:107ef000cdff3a0039019000c901900008007800d8
:107f0000c0fd07005901900002064000e0864800cd
:107f100099278900a04f22000048eb001880fb0041
:107f2000184190004811dd00000171000c00be00f6
:107f3000cb1b07000004e000bfff3200ac27890024
:107f4000bd2789000006eb001880fb0098409000d8
:107f5000c808dd0080807000ecc078003fb097005a
:107f60006fb19700017079000c06e80061054500cb
:107f7000e0854d000000e800b0b79f007fb2970099
:107f80008fba97004fb19700dfb19700040041000e
:107f900085804900800f5500818f5d00abff3a005e
:107fa000ec049800fa0498008b0c9800bfb197007d
:107fb000110009008e81d8008000fd000b00370001
:107fc00019089000a90890004fb29700dfb29700ff
:107fd000800f5200818f5a00a5ff3a000405be00b1
:107fe0008002eb00b5b79f009dff370001007800cd
:107ff0004f0778004f06be004f05be004f04be007d
:10800000ef00b100000006001a00fa00889fbe00d1
:108010008a1f780000047800010578008244780007
:1080200050e607008000780010238900ec0f500014
:1080300064003e0018417800e0c2b300804f510058
:10804000600032000204e0005e00320000fe2f00fb
:108050000f004000002389000100e0000900320009
:108060000001eb00820078000023810068f07800b6
:108070000201e8008200780010238100820f500086
:10808000f9ff3e00094078005c000700e70f500050
:108090004c00320017238100e60f50004d003a00db
:1080a00048003700e2c07900e0c2b30080cf500042
:1080b00003003a0003805300e40f500041003c00ed
:1080c000e98f51003f003200e0c2b30080cf500082
:1080d000030032008301e800838f5300f1ff3a0070
:1080e000fc0045000000eb0002c2b30002f0780083
:1080f0000000e800eb0f5000fcff3a00082381006d
:108100000300e000130034000003eb0006027800d7
:10811000f9c9b3000aceb30064417c000204e00058
:108120000700320086824000824a78000940410000
:10813000f94f500001003e008a4a41000603e80062
:108140000402e800e70f530002003c00848f510056
:10815000f1ff3a00838f53001c0034000300e80055
:10816000808f5300190034008001440086002000f5
:108170008002eb00f8c9b30009ceb300808353003e
:10818000134178000204e00007003200068240003c
:10819000024a780008404100f94f500001003e00bb
:1081a000094a41000603e800ea0f530007003c00bb
:1081b0008502e8008301e800858f53000300320048
:1081c000efff37000000eb00080037001000200030
:1081d000060037008001eb000700e000c0ff34001c
:1081e000022381008001eb00aeff37004f057800cd
:1081f0004f04be000080fa0000000600881f7800cf
:10820000804378001423810065002000ec0f5200a9
:1082100001003e008002eb000400e000510032004b
:10822000062381000044eb008001eb00e6c07900ea
:1082300001417800ffcf500002003e00e5cf500022
:1082400047003a0020c2b30080cf50004400320003
:108250006d40400080cf5000410032006b40400034
:1082600080cf50003e00320000c0e80080cf5000b8
:108270003b00320000c0e80080cf500038003200e0
:108280007e40400080cf500035003200c0c7b300b0
:1082900080cf5000320032000704e00006003a00b0
:1082a000a0c2b30080cf50002d00320075404000c6
:1082b00080cf50002a003200e68f520024003200a6
:1082c00000c2b30080cf5000200032006b4040005d
:1082d00080cf50001d0032000040e80080cf5000e9
:1082e0001a0032006f40400080cf5000170032006b
:1082f00000c0e80080cf5000140032007e404000f3
:1083000080cf50001100320000c0e80080cf500044
:108310000e003200e0c2b30080cf500003003a00ec
:10832000e14f54000900320018c0b300e18f520041
:1083300007003200f0c9b30000404100f94f50007f
:1083400003003e00150020000100370065002000fa
:108350008301e800830f520002003200b3ff3700b0
:1083600075002000050078004f047800000006002a
:10837000e4874700889fbe008a9fbe008c9fbe0096
:108380008e1f7800000778001000780080bf9f00e3
:10839000e18f500004003200e28f500007003200ed
:1083a0000206be00090037007e0090008e08900093
:1083b0000206400083864800040037001e08900033
:1083c000ae0890000206500083865800804f2200bd
:1083d0001004e0000800320016fe07000004e00070
:1083e0000500320091c0b300203922000148780016
:1083f0000080eb009a0037001e009000ae00900055
:1084000030079800410798001e089000ae089000c1
:108410008c0f50008d8f580005003100f1c1b30062
:1084200020392200014878000080eb008c003700e2
:108430003e0890000020a100300f98007c079800b3
:108440000d0f98000fb99700825890008180fb00b3
:10845000125890004800dd0001047000a2589000fe
:108460008180fb00325890004800dd0081047000dc
:108470000801be000c00be00a9e107000005be0017
:108480000801b8000bc0b9000300400009d2b900d0
:10849000840140000201560083815e00620798005b
:1084a0000fba9700146490000884fb0009002000b4
:1084b0000801be000a00be0099e107000006be00e8
:1084c0000c40b8000dc4b90088804000000555007c
:1084d00081855d005a079800e00f5600e08f5e002e
:1084e000410032000c01be000e007800edf10700e3
:1084f000804078000004e0003b003200c0c3b300bd
:1085000080cf500033003a003e0890000008a300de
:10851000150032001e009000ae0090003007980059
:1085200041079800e10f5600e08f5e000400320022
:1085300061015600e0815e000e007800d9f107006d
:108540008040eb000e0078004ff707000004e000c9
:1085500025003200f1c0b300203922000148780024
:108560000080eb003e0037001e009000ae0090003f
:10857000300798004107980061015600e0815e00d5
:108580000e007800c7f107000004e000050032008b
:10859000f1c0b30020392200014878000080eb00d0
:1085a0002f0037000fba9700845890008180fb009d
:1085b000145890004800dd00010170006207980027
:1085c000146090000080fb000000e9005007980054
:1085d00005003700f1c0b3002039220001487800bf
:1085e0000080eb001e0037003e019000ce0190009d
:1085f0000fb8970003fc07005e01900002064000e0
:10860000e08648008000eb0091278900a04f2200ff
:10861000014878008fb897001180fb00114190004d
:108620004811dd00000171000c00be000c1a0700ab
:108630000004e00005003a00b1c1b3002039220077
:10864000014878000080eb0005003700ac27890066
:10865000bd278900203922000048eb000000eb0014
:108660004f0778004f06be004f05be004f04be0006
:108670004f00b10000000600ec874700889fbe0055
:108680008a9fbe008c9fbe008e1f78000007780076
:108690008040eb00a04f2200014878002e6090003f
:1086a00090f79f00e14f500010003200e34f500060
:1086b0001e003a00421edd00ce16de008d0676005a
:1086c0004216dd0081f79f00f2ff2f00f3ff20002c
:1086d000e2b79f00f3b79f0080ff2f00f1ff20005b
:1086e000c0b79f00d1b79f001c0037006310b800cf
:1086f0006319b900810041006141600082f79f0069
:108700008106d1000086d300f0ff2f000100200079
:10871000e0b79f00f1b79f0082ff20000300200018
:10872000c2b79f00d3b79f000c003700020641007c
:10873000838649008041eb0083f79f00f0ff2f0004
:1087400001002000e0b79f00f1b79f0082ff2f00db
:1087500003002000c2b79f00d3b79f008e5890003f
:108760008180fb001e5890004800dd00010570006c
:10877000ae5890008180fb003e5890004800dd001c
:1087800081057000ee4090008180fb007e409000eb
:108790004800dd00010470008e4890008180fb00dd
:1087a0001e4890004800dd00810470000a01be00f0
:1087b0000c00be00dae0070008044000898448008d
:1087c00061025500e0825d008c0062000d80620055
:1087d0006101b800c016dd000c0020006109b8007e
:1087e000020676008386760060278100712781006b
:1087f000800f5400818f5c0059003a009ff1970070
:10880000e3cf510004003a000012220000004600ad
:108810001000be00b10037001ff09700e24f50007b
:1088200004003a00001222006c00780001002000d1
:10883000aa0037009ff09700e1cf5000a6003a0051
:10884000001222006c4078000085fb000b00200025
:108850000ff197000204e00004003200cc59dd0063
:108860004455de000a857100c45dde0061004600eb
:10887000e0804e00040160000580600001002000df
:10888000c006dd000c0020006110b8000006760074
:1088900081867600e00f5600e08f5e0019003a00f6
:1088a000004f22001004e0000800320011c0b300a5
:1088b0000c02be000c01be000e00780099000700fb
:1088c000e00f5000e08f58008e003a006104440031
:1088d000e0844c00021222000800be00601907006c
:1088e0000004e00005003a00f0ff2f000100200026
:1088f0006027890071278900820037006827890076
:1089000079278900001222006c4078000080fb006b
:10891000010020000ff197000204e0000700320080
:10892000c409dd00cc00de00818071004400dd0060
:108930000a0040008b804800680037006f0060002c
:1089400001002000c808dd000080fd0080407800a4
:108950000040eb000a0040008b8048005f003700b9
:10896000004f22001004e0000800320011c0b300e4
:108970006022b8000401be000e0078006900070004
:10898000e00f5000e08f58005e003a000212220013
:108990000800be00321907000004e00005003a009c
:1089a000f0ff2f0001002000602789007127890057
:1089b0005400370068278900792789002e609000cd
:1089c000e34f500004003a0000122200000046006d
:1089d0001000be0041003700e24f500004003a0092
:1089e000001222006c007800010020003b003700dc
:1089f000e14f500038003a00001222006c4078002d
:108a00000083fb00070020000ff097000004e00047
:108a100004003200cc38dd004433de0006837000f1
:108a2000c43bde0061024600e0824e008e59900099
:108a30008381fb001e5990004811dd000300710086
:108a4000ae5990008381fb003e5990004811dd0033
:108a50008300710061005000e08058000401600054
:108a6000058060006102b800c020dd000000200029
:108a70006112b800040070008580700002122200ac
:108a8000604079000080fb00010020000ff197009a
:108a90000204e00007003200c409dd00cc00de0063
:108aa000818071004400dd0006004000878048009e
:108ab0000a0037006f00600001002000c808dd00d8
:108ac0000080fd00804078000040eb000600400080
:108ad00087804800010037006000b8004fb1970060
:108ae000dfb19700820f5000838f580003003900d8
:108af000e2b79f00f3b79f0002003700e0b79f0086
:108b0000f1b79f006fb09700ffb097004f07780054
:108b10004f06be004f05be004f04be00cf00b1009f
:108b200000000600f2874700889fbe008a9fbe00b3
:108b30008c9fbe008e1f780000067800f4b79f005f
:108b400085bf9f00206290000440e900f6ff2f00df
:108b5000f7ff200096b79f00a7b79f00e24f500095
:108b600035013e00f6ff2f00f7ff200096b79f006b
:108b7000a7b79f00e34f520004003200f4ff2f001c
:108b80000500200094b79f00a5b79f000042eb00ae
:108b9000a04f2200044878000104e00022003200c7
:108ba00068278100792781000c6090000004e000b4
:108bb00017003200044578008041eb0002122200c9
:108bc0000800be00851a07000004e0001a01320008
:108bd0000a45e800cc5890008180fb005c5890006a
:108be0004800dd0001017000ec5890008180fb001e
:108bf0007c5890004800dd008101700008044100ad
:108c0000898449000c6090008a4f5000eaff3e00c2
:108c1000004f22000048eb006033b80096b79f0079
:108c2000a7b79f00040137002c609000e14f50006f
:108c30000a003200e34f500011003a004218dd00f4
:108c4000ce10de00810070004210dd00d0b79f0022
:108c5000e1b79f000047eb000e0037006310b8003b
:108c60006319b90081004100614760008100d100b3
:108c70000080d300d0b79f00e1b79f000500370008
:108c80000201410083814900d2b79f00e3b79f00f2
:108c90000047eb008c5890008180fb001c5890002e
:108ca0004800dd0001047000ac5890008180fb009a
:108cb0003c5890004800dd0081047000ec409000ba
:108cc0008180fb007c4090004800dd0001057000c1
:108cd0008c4890008180fb001c4890004800dd001b
:108ce000810570000801be005fb09700efb09700eb
:108cf0008bdf07000a0540008b854800bab79f004c
:108d0000cbb79f0061045400e0845c005fb1970022
:108d100082006400efb19700038064006101b80035
:108d2000c015dd000a0020006109b80002057500c9
:108d30008385750068278100792781003fb29700fd
:108d4000cfb29700880f5200898f5a002c00320052
:108d5000004f22001004e000b3003a001900370071
:108d60008046eb008041eb00021222000800be00aa
:108d70001a1a07000004e000af0032008d46e80038
:108d8000cc5890008180fb005c5890004800dd00ca
:108d900001017000ec5890008180fb007c5890002d
:108da0004800dd0081017000080441008984490009
:108db0000c6090008d4f5000eaff3e00004f2200f3
:108dc0000048eb00021222003fb09700cfb097009e
:108dd000231807000004e00005003a00f0ff2f0010
:108de0000100200060278900712789009200370068
:108df0003fb39700cfb39700662789007727890094
:108e00002c609000e34f50001a003a00001222003c
:108e1000efeb9700077578000fb9970000f02f006f
:108e2000ffb097000100600001002000c809dd00cc
:108e30004800de0000807100c808de001412220025
:108e400000757a00201222000275780000f02000e0
:108e50000001610003002000481add004811de0017
:108e600002017200c819de0030122200027578007b
:108e700066003700e24f50000e003a000012220058
:108e8000efea97000575780000f02f007fb3970098
:108e90000600600001002000c80bdd004800de0075
:108ea00000807300c808de001212220000757900ed
:108eb00056003700e14f500054003a0000122200e3
:108ec00000014500124078000e04e0000500320069
:108ed000efe99700c418dd006f40600000c070002b
:108ee000010037006fe897000049780061024500f3
:108ef000e0824d008c5990008381fb001c5990004a
:108f00004811dd0003007100ac5990008381fb0023
:108f10003c5990004811dd00830071006100500051
:108f2000e08058000401600005806000010020001e
:108f3000c004dd00080020006110b80000047400c7
:108f400081847400e00f5400e08f5c0018003a0048
:108f500011c0b3000802be000801be000c0078007a
:108f6000f0fe0700e00f5000e08f580032003a009a
:108f70003fb29700cfb2970061054200e0854a00fa
:108f8000021222000a00be00b51707000004e0002c
:108f900005003a00f0ff2f00010020006027890043
:108fa00071278900240037006a2789007b27890000
:108fb0000012220000024400944178000e04e000f8
:108fc000070032007fb397008fbb97004c39dd005c
:108fd0004430de0000007100c438de000a003700b3
:108fe0007fb397008fbb97004839dd004830de0023
:108ff00000007100c838de006f40600002cfb3008f
:1090000002c1610002407000004a780011c0b30044
:10901000004f2200014878006022b80094b79f00fa
:10902000a5b79f00040037000c6090000004e0002a
:1090300062ff32004aff37001fb09700afb09700c1
:109040004f0778004f06be004f05be004f04be001c
:109050002f01b100000006003800fa00889fbe0012
:109060008a9fbe00000478008105780082047800a1
:109070002a392200004deb0012c0b30001fc2f0082
:109080008f804000e0fb07000004e00004003a008d
:1090900020c1b300004d78000080eb009100370044
:1090a0000040eb00a06c9800f88144008000eb00c9
:1090b00005003700805978000241e8008100e8008f
:1090c000ec8f5000090032000141780061407c00c3
:1090d0000004e000f7ff3a000280fb007800400047
:1090e0008040eb0001f07c000241e800ec4f5100b1
:1090f000f9ff3600db649800701c8100811c810040
:10910000b0149800c1149800c043220080a79f00ab
:109110006000b80090a79f00a1a79f00b0a79f0084
:10912000c1a79f000000eb00c0b79f00ebb79f00f6
:10913000701c8100811c8100f0b79f0081bf9f00df
:1091400090bf9f00a1bf9f0001fc2f008f804000b7
:10915000003d220097f8070013c0b30003417800d8
:10916000013d220000fc2f000f004000c0ed070071
:109170000000e00005003200b1c0b3002039220039
:10918000014878000080eb0056003700cfb0970010
:10919000b1bf9f0022c7b300ea80570000fc2f0038
:1091a0000f00400055ee07000000e00049003a00c3
:1091b000090178008040eb00015978000040e80088
:1091c000ed4f5000fcff3a006fb09700e80f5000e1
:1091d000240032008901780001417800c0fd2f0091
:1091e0008080470004c2b300050037008059780032
:1091f0000241e8008100e800e84f5100030032001e
:1092000011407800844f5000f8ff3a00cfe09700fb
:1092100000c2b30080cf5000190032008280fb00f2
:109220006e40400080f07c008240e800fc815700e6
:1092300005c2b30079825700060037000180fb00a9
:1092400002f07c008140e8008301e800830f5200b7
:109250000b00320013417800854f5100f7ff3a00b0
:109260000700370089007800c2fd2f000280470008
:1092700079815700b0587800800f5100fdff3a0007
:109280004fe89700d04c98001fa89700afa8970010
:10929000f0049800810c98005fa89700010020005e
:1092a000c000dd00000020004fa99700020140002f
:1092b000e0814800920c9800a30c9800cfb0970072
:1092c000b10c980010c0b300a06c98000000eb0037
:1092d00004003700b1c1b3002039220001487800f2
:1092e0000080eb004f05be004f04be000080fa0076
:1092f000000006003600fa00881f7800000478009d
:10930000213922008048eb00206890000004e00032
:1093100004003a0070c0b300804878000080eb0081
:10932000750037007800440012c0b30081fc2f00a4
:109330008f80400034fb07000004e00005003a0085
:1093400021c1b30020392200014878000080eb00e1
:1093500069003700c0432200c0a79f006000b8002a
:10936000d0a79f00e1a79f00f0a79f0081af9f00bb
:10937000380890000000e80080bf9f00586090000f
:109380000080fb00a0bf9f00701c8100811c810039
:10939000b0bf9f00c1bf9f00d0bf9f00e1bf9f0033
:1093a00081fc2f008f804000003d220001f8070063
:1093b00013c0b30003417800013d220080fc2f0060
:1093c0000f0040002aed07000000e0000500320019
:1093d000b1c0b30020392200014878000080eb00c2
:1093e00045003700080178000040eb00804078001d
:1093f000015978000040e800ed4f5000fcff3a00b2
:109400002fb89700e80f5000230032008801780041
:1094100001417800fc80570004c2b300050037000a
:10942000805978000241e8008100e800e84f5100cf
:109430000300320011407800844f5000f8ff3a00da
:10944000cfe8970000c2b30080cf50001800320070
:109450008280fb006e40400080707c008240e8000b
:10946000f481570005c2b30071825700060037002f
:109470000180fb0002707c008140e8008301e8006d
:10948000830f52000a00320013417800854f5100cb
:10949000f7ff3a0006003700880078007c8057000c
:1094a00071815700b0587800800f5100fdff3a00dd
:1094b0004ff09700504c98005fa89700efa89700d6
:1094c00070049800010c98001fb197000300200061
:1094d000c011dd00020020000fb097000000410025
:1094e000e0804900100c9800210c98008fb897007c
:1094f000310c98000000eb004f0478000080fa0067
:10950000000006007e00fa00889fbe00731107006d
:10951000a70d0700ee1c0700131d0700770d0700bd
:109520009560a800590d0700660d070011e1a8001d
:10953000e0d22800ae0d070040062000900d070085
:10954000d2c2bf000042b2000080fb000000e90070
:10955000cf00de008100d000d2c2bf000048a300cf
:1095600001003a008100e800a9fa2f008984470031
:109570006011b800090078000298be000298be0091
:109580000298be000298be000298be000298be007b
:109590000298be000004eb00080878005005200087
:1095a000800c780080012000e0979f00f1979f00d9
:1095b0000100e800d212070081fc2f0081804700e3
:1095c00090d1280014000900b05878005101b10072
:1095d000d2fd2f0002814700a0cf28001e00090005
:1095e00030597800f201b100889f9f0000fd2f00e4
:1095f000909f9f00a89f9f00b89f9f00d89f9f00ab
:10960000800c2000e09f9f00f89f9f00100020002a
:1096100080a79f002000200090a79f00a1a79f0087
:10962000b2a79f00394788004f1d0700a000200007
:10963000530d0700a31d070080007800c09f9f0006
:1096400010e02400808f50000300320000e025006d
:10965000808f500003003a0010002000c09f9f0040
:10966000020037000000eb00c09f9f002c1e070087
:10967000a0002000420d0700321b0700805022008e
:109680000048eb00a0fa2f0000804700ca12070034
:109690002a1e070010002000390d0700271e0700b2
:1096a0000004be000200200003f82300dfdc0700f6
:1096b0000000e00002003200c8238900d92389009d
:1096c000c0238100d12381006e1e0700e0238900a2
:1096d000f1238900cc62a80010002000280d0700ab
:1096e0002043a800a0002000250d07002043a9006a
:1096f000602381000000e0000700320013e1a800b1
:109700009d1207001000200090238900f0d328004c
:10971000370d0700ffff3700b0d52800340d0700d4
:109720009560a90011e1a90013e1a900803e200085
:10973000130d07000300370000d728002c0d070089
:109740008d1207002eec07000000e000faff320047
:10975000f0d72800260d0700e2f72f000f01410087
:1097600031032000e0d828003bfe0700e10f400055
:1097700017003a0081d92800a0d9280059f5070020
:10978000e0f8880050da2800190d0700a00020003a
:10979000fb0c0700e0f880000000e000f5ff32005d
:1097a00081d92800b0dc28004ef50700f0f88800c9
:1097b00050da28000e0d0700a0002000f00c070072
:1097c000f0f880000000e00036003a00f4ff3700b7
:1097d000e0f72f000f004000c6fe07000000e00089
:1097e000fbff3200bf40970090c3b30080cf500012
:1097f0000b003a002f409700814f500002003a00c2
:10980000200020001a12070000c3b300b0479f00d9
:109810002f4097000040e800a0479f00020037005b
:109820000140e800b0479f0081d92800e0f72f00f1
:109830000f0040002bf50700e0f8880060dd2800ed
:10984000eb0c0700a0002000cd0c0700e0f8800022
:109850000000e000f4ff320030c5b300e0ff9e00de
:1098600000c0e800f0ff9e006840500080479f0065
:1098700090479f0081d92800e0f72f000f0040009b
:1098800018f50700f0f88800b0df2800d80c0700b2
:10989000a0002000ba0c0700f0f880000000e000f3
:1098a000f4ff320098f880006140b90060db0700e7
:1098b0000800e00003003d000200200003782400bf
:1098c00087db070002002000632c240015dc070062
:1098d000809fbe00181ff800161ff800141ff80024
:1098e00000e22800801f78000105200040eb2100e5
:1098f000cc0c070040eb2100bd0c0700ec875700a3
:10990000a1f88000201c2000808f5000030036004a
:10991000400620000912070002003700401f200007
:1099200006120700800c2000950c0700b1f880009b
:10993000201c2000808f50000300360040062000cd
:10994000fe11070002003700401f2000fb11070036
:10995000800c20008a0c0700c1f88000201c200029
:10996000808f50000300360040062000f3110700ee
:1099700002003700401f2000f0110700803e200049
:109980007f0c0700a8fa2f00088447006f9097000b
:10999000801f7800981f7800f0e32800801f78006f
:1099a0000105200040eb21009e0c070040eb210048
:1099b0008f0c070090002000801f7800801feb00b4
:1099c00050e52800801f78000105200040eb2100b1
:1099d000940c070040eb2100e2df07000001780053
:1099e000e3f880001100200040eb210083f707001e
:1099f000e0e62800801f780070e72800801f7800cc
:109a000030e82800801f78000105200040eb21008d
:109a1000840c070040eb2100d2df07000001780032
:109a2000e3f880001100200040eb210073f70700ed
:109a3000e0f880008800780055100700fe1c070041
:109a400080f88800f2875700e10f400001003200e3
:109a500050f888004f9897000000e000070032009f
:109a6000c0e92800801f78000105200040eb21009c
:109a70006c0c07008f87e90006003700d0eb280048
:109a8000801f78000105200040eb2100650c0700d5
:109a90008f87e90040eb2100550c070020ee2800dd
:109aa000801f78000105200040eb21005d0c0700bd
:109ab00040eb21004e0c0700e40b0700401f200084
:109ac0009e11070010002000102489008f87e900f4
:109ad0008123810070238100810f50001e0034001b
:109ae000402481000000e0000f0032004206200008
:109af000110009008200d8000100780072032000e4
:109b00000280b900828e2000000441000800780025
:109b100094df070000017800e3f8800011002000c6
:109b20000800780035f70700812381000100e80074
:109b30008023890032062000820f50000600340086
:109b4000028050008023890070238100c1f92f001a
:109b50000100400070238900802381004201200021
:109b6000110009000200d8000100e000d8ff3a000f
:109b7000402481000000e00003003200e0f8800093
:109b8000b8f20700d2ff370052248100e10f5100e4
:109b9000cfff3a0070238100410620008080400002
:109ba000712389000005b0008023890042248900c8
:109bb000c7ff37003600f800809fbe00829fbe00be
:109bc000849fbe00869fbe00889fbe008a9fbe0005
:109bd0008c9fbe000400fa00904480000000e0006a
:109be0000a003a00c0238100d1238100604188002f
:109bf00071418800a0248900b1248900c024890013
:109c0000d124890010002000904488002023810086
:109c10000000e800202389008460a90031062000ac
:109c2000810f500005003600302381000000e8005d
:109c3000302389000000eb002023890010248100dc
:109c4000e10f500003003600804480000000e8006f
:109c50008044880030238100e90f50000b003e0053
:109c600020238100a2002000110009000280d800fa
:109c70000100e00002003a00cc62a80003003700b7
:109c8000e58f500001003a00cc62a90040f02100ad
:109c9000d61b0700681c070080f88800e10f400011
:109ca0000100320050f888003d478000bd00900060
:109cb00040f02100108510001d06780011000900f9
:109cc0000c05d800cf80de0059da07000004be0082
:109cd000804288009142880002002000031a24007c
:109ce0002eda07000000e00006003c000200200021
:109cf000031a2c000800be002ada07000000e0006a
:109d000015003d007d0090000000e00012003200d0
:109d10004d009000a2f0210012001000cf80de0064
:109d200043da07000004be001d009000cf80de0073
:109d30003fda07000001be000800be00f9da0700a4
:109d4000325c2f00c3112400c2da070060f88800db
:109d500071f888000d0037006150b90034da07004f
:109d60000004be006160b90031da07000001be00e6
:109d70000800be00ebda0700325c2f00c31124009c
:109d8000b4da070060f8880071f888006b1c0700df
:109d90000004be00a0448800b144880002002000f6
:109da00003f8230021db07000000e000020032007e
:109db0006824890079248900c0482200c90e070060
:109dc00010248100e10f50004b003e003040800025
:109dd0000000e00053003a0082142e00a3f7230095
:109de00000438000114380009ada07000004be009f
:109df00030f88000cf80de000dda0700a2702d0061
:109e000033ca230093da07000001be000800be0039
:109e100033da07000006be000043880011438800c3
:109e200082142e00a3f72300e0428000f14280005c
:109e300088da07000004be0040f88000cf80de0012
:109e4000fbd90700a2702d0033ca230081da070076
:109e50000001be000800be0021da0700008fbe002e
:109e6000e0428800f14288003a4780005a009000a2
:109e7000cf80de00eed907000001be000c00be005e
:109e800016da07000004be001a007800cf80de005a
:109e9000e7d907000006be000001be000800be00b2
:109ea000a0da07000001be006ada07000004be0065
:109eb0006a009000cf80de00ddd907000001be00ff
:109ec0001e00be0005da07000c01be0095da07008f
:109ed0000001be005fda07000001be000800be00fe
:109ee000ffd90700d3da070007db070060408800ce
:109ef000714088000b003700b02381000000e000b3
:109f0000080032006242800073428000e04180001d
:109f1000f141800083da0700fbda07006040880027
:109f2000714088006c4080007d408000020020006d
:109f3000433324000c00be0046da0700b2fd2000c7
:109f40009304240077da070080408800914088005d
:109f5000102481000000e000400032006af8800018
:109f60007bf880000c00be00e9da07000001be00ab
:109f70000a00be0037da0700325c2f00c31124004c
:109f8000d6d907000004be00c0428800d142880034
:109f90000c00be00e0da07000001be000a00be00af
:109fa0002cda07000006be00a0428800b1428800fb
:109fb00002002000832c24000800be0059da0700ac
:109fc0000242800013428000c5d907000005be0090
:109fd000004288001142880002002000832c2400e7
:109fe0000c00be004fda0700e2418000f341800020
:109ff000bbd907000004be00e0418800f1418800a1
:10a000000a01be000a00be0012da07000005be0009
:10a010000801be000800be000eda07000001be0005
:10a020000a00be00aed9070082da0700604288004d
:10a030007142880002002000832c2400004280002e
:10a040001142800037da0700c2418000d34180000e
:10a05000a3d90700c0418800d14188006011b80031
:10a06000c0418000d14180004ed907000000e000cf
:10a0700011003d00112481000180e900e40f50002f
:10a080000d003600e68f5000020036000000eb00a5
:10a09000b02389006000b8006042880071428800e7
:10a0a0000042880011428800e0418800f1418800a8
:10a0b000c0418800d1418800ac248100bd248100ca
:10a0c00062418000734180000c00be0035d907005a
:10a0d0000000e00005003d0010248100e20f500068
:10a0e000020036006c4188007d4188001024810008
:10a0f000e60f50000d003e00c8418000d9418000ad
:10a10000a2418000b34180000800be0023d90700af
:10a110000000e000fe043400a8418800b941880036
:10a12000fb0437002842880039428800502481000f
:10a130000000e000070032000c00be00d11b070049
:10a14000e2238100f323810064d9070020418800c5
:10a1500031418800122481006110b800eb0f5000db
:10a16000e08f580054043e0000600100680437008e
:10a170000a00370073003700900037009d00370059
:10a180000e0137001b0137006f013700d301370084
:10a19000f5013700070237003e043700e2a1250031
:10a1a000c313240060f8800071f88000fbd807001a
:10a1b0000000e00008003c000200200003f823003b
:10a1c0008041800091418000f4d807000000e00049
:10a1d00008003c00350037000200200003f823008f
:10a1e0008041800091418000ecd807000000e00031
:10a1f000020034001000200050248900da0f07000c
:10a20000304080008004e80039408800004280002f
:10a2100011428000cc418000dd4180000001be0081
:10a220008cd90700325c2f00c3192400bdd9070068
:10a230000c01be002ad907008041880091418800a6
:10a2400030478000300c90006140b900f8d807001a
:10a250000800e00003003d00020020000378240015
:10a260001fd907000001be000c00be00cbd80700bc
:10a270000000e0002b003400100020005024890072
:10a280002000200010248900894488000000eb0091
:10a29000304088008040800091408000404088002d
:10a2a00051408800b20f07001e0037003040800088
:10a2b0000000e000030032000000e90030408800a8
:10a2c00018003700484922001800be00c02389004a
:10a2d000d12389006b1b0700e0238900f12389004b
:10a2e000a30f07001800be0060418800714188007c
:10a2f0006000b80080418800914188000001eb00b7
:10a300003240880060428800714288000042880024
:10a3100011428800e0418800f1418800c041880076
:10a32000d141880030408000e10f5000f8033a002e
:10a3300031238100a143880020238100104488003c
:10a34000f303370068428000794280002242800097
:10a35000334280000800be0092d807000000e000f1
:10a360000c003d00304080000000e80030408800d4
:10a37000ea0f500009003600484288005942880020
:10a3800030002000102489000000eb0030408800dd
:10a39000020037000000eb003040880030408000b1
:10a3a000e10f5000da033a0031238100b143880005
:10a3b0002023810020448800d503370030408000ee
:10a3c0000000e8003040880031478000a10890007c
:10a3d000810f5000ce03360030002000104088006e
:10a3e00040002000102489000000eb00304088006d
:10a3f000c7033700325c2f00c311240060f88000cf
:10a4000071f8800065d807000000e00015003400f6
:10a41000550f070032408000e10f510006003a005e
:10a4200031238100c143880020238100304488000b
:10a43000d1438800404488008200e8003140880011
:10a4400010032000808f50000900360050002000cb
:10a45000102489000000eb0030408800440f070002
:10a46000030037000000eb0030408800400f070079
:10a470006241800073418000a0248100b1248100ea
:10a4800046d807000000e00048003400360f0700ff
:10a4900020408000e10f500004003a003123810089
:10a4a000e143880021238100514488000005e80031
:10a4b0002a40880068428000794280000801be007e
:10a4c000404280005142800034d807000000e00084
:10a4d0000600340048428800594288003023810039
:10a4e000f04388002123810061448800f03120007e
:10a4f000800f550086033600a0248100b12481001e
:10a50000e01a0700e2238100f323810073d80700db
:10a51000020020008334240020d807000000e0005f
:10a520001600340002002000030024004042800096
:10a53000514280006ad80700624280007342800066
:10a5400018d807000000e00071033d001000200053
:10a55000104088007000200010248900040f0700bc
:10a560000000eb0020408800204180003141800045
:10a570000041880011418800650337001000200069
:10a58000104088007000200010248900f80e070099
:10a590000000eb0020408800204180003141800015
:10a5a0000041880011418800590337000000eb008a
:10a5b00020408800ee0e070055033700224280003d
:10a5c000334280006042800071428000f5d707006e
:10a5d0000000e0004e033d0031238100d14388009c
:10a5e000202381004044880060002000102489005e
:10a5f000470337006241800073418000a02481003e
:10a60000b1248100e5d707000000e0004a003400d3
:10a61000d50e0700204080000000e00004003a0052
:10a6200031238100e14388002023810050448800c9
:10a63000304080000005e8003a4088006842800011
:10a64000794280000801be004042800051428000f3
:10a65000d2d707000000e00006003400484288001e
:10a660005942880031238100f14388002023810072
:10a6700060448800f0312000800f5500240336002c
:10a68000a0248100b12481007e1a0700e22381000a
:10a69000f323810011d80700020020008334240036
:10a6a000bed707000000e0001600340002002000c2
:10a6b00003002400404280005142800008d8070077
:10a6c0006242800073428000b6d707000000e000bd
:10a6d0000f033d0010002000104088007000200093
:10a6e00010248900a20e07000000eb003040880013
:10a6f00020418000314180000041880011418800e4
:10a700000303370010002000104088007000200074
:10a7100010248900960e07000000eb0020408800fe
:10a720003040880020418000314180000041880095
:10a7300011418800f60237000000eb00304088002d
:10a740008b0e0700f2023700a0248100b1248100a3
:10a750004c1a0700e2238100f3238100dfd70700b2
:10a760000006be0030478000100c90006140b90028
:10a77000afd707000800e00003003d000200200002
:10a7800003782400d6d707000001be000c00be00ed
:10a7900084d707000000e0000e003d00720e0700a5
:10a7a000304080000000e80030408800e90f500091
:10a7b0000b003600200020001040880080002000a0
:10a7c000102489006a0e07000000eb00304088006a
:10a7d000030037000000eb0030408800640e0700e3
:10a7e0002023810022032000110009000280d800ec
:10a7f0000100e000c6023a0022418000334180009f
:10a800000041800011418000b4d707000004be0061
:10a81000e0408800f14088006011b80061d707006f
:10a820000000e00003003d00a04080000000e800c0
:10a83000a0408800a0408000e10f50001e003e00b4
:10a84000e086200010007800e50040003023810001
:10a85000808f500018003600c2408000d340800036
:10a860000800be004dd707000000e0000d003400d6
:10a87000b04080000000e800b0408800e30f5000c6
:10a880000d003600200020001040880080002000cd
:10a8900010248900360e07000000eb0030408800cd
:10a8a00005003700b04080000000e00002003200e8
:10a8b0000000e900b0408800204180003141800064
:10a8c0000041880011418800e0408000f140800094
:10a8d000c0408800d14088008d02370028238100c5
:10a8e00042062000110009000284d800810478008b
:10a8f0000900e00086023a00ac248100bd248100fa
:10a9000042418000534180000c00be0073d7070015
:10a9100002002000031f240022d707000000e000ef
:10a920000c003d00304080000000e800304088000e
:10a93000e30f500009003600900020001024890029
:10a940003940880031238100014488007844880020
:10a95000020037000000eb00304088004c418800c6
:10a960005d4188006a023700202381000000e0007a
:10a9700001003a00fc0d070020238100f40f500075
:10a9800001003a00fa0d0700304080000000e800a6
:10a990003040880001772100810f50005c023600b2
:10a9a000a0002000102489000000eb003040880047
:10a9b000570237000000eb00502489004024890032
:10a9c000304080000000e800304088004106200050
:10a9d000810f50004e023600404080005140800000
:10a9e000809fbe00a1ee2800811f78000105200095
:10a9f00040eb21008b08070040eb2100d9db07006a
:10aa000000017800f3f880001100200040eb2100e5
:10aa10007af3070040eb2100d2db07000001780049
:10aa2000e3f880001100200040eb210073f30700e1
:10aa3000c0238100d1238100809fbe0021f1280026
:10aa4000811f78000105200040eb210075080700f8
:10aa500040eb2100c3db070000017800f3f8800021
:10aa60001100200040eb210064f3070040eb2100bf
:10aa7000bcdb070000017800e3f880001100200033
:10aa800040eb21005df30700f0f88000f5ee0700d1
:10aa9000e0f88000f3ee0700604180007141800023
:10aaa000809fbe0071f32800811f780001052000ff
:10aab00040eb21005b08070040eb2100a9db070009
:10aac00000017800f3f880001100200040eb210025
:10aad0004af3070040eb2100a2db070000017800e9
:10aae000e3f880001100200040eb210043f3070051
:10aaf0002042800031428000809fbe0061f5280026
:10ab0000811f78000105200040eb21004508070067
:10ab100040eb210093db070000017800f3f8800090
:10ab20001100200040eb210034f3070040eb21002e
:10ab30008cdb070000017800e3f8800011002000a2
:10ab400040eb21002df30700f0f88000c5ee070070
:10ab5000e0f88000c3ee0700a0418000b141800012
:10ab6000809fbe0031f82800811f78000105200079
:10ab700040eb21002b08070040eb210079db0700a8
:10ab800000017800f3f880001100200040eb210064
:10ab90001af3070040eb210072db07000001780088
:10aba000e3f880001100200040eb210013f30700c0
:10abb000604180007141800032190700e22381006a
:10abc000f3238100c5d60700809fbe0050fa2800fd
:10abd000801f78000105200040eb210011080700cc
:10abe000c8fd2f008887470040eb21005ddb070090
:10abf00000017800f3f880001100200040eb2100f4
:10ac0000fef2070040eb210056db07000001780050
:10ac1000e3f880001100200040eb2100f7f207006c
:10ac2000f0f880008fee0700e0f880008dee07005e
:10ac300029882000991f78004c8720009c1f7800ed
:10ac4000c1fc2800811f78000105200040eb210095
:10ac5000f407070040eb210042db07000001780009
:10ac6000f3f880001100200040eb2100e3f2070020
:10ac700040eb21003bdb070000017800e3f8800097
:10ac80001100200040eb2100dcf207004a88200080
:10ac90009a1f78006d8720009d1f780060fe2800b5
:10aca000801f78000105200040eb2100dd07070030
:10acb00040eb21002bdb070000017800f3f8800057
:10acc0001100200040eb2100ccf2070040eb2100f6
:10acd00024db070000017800e3f880001100200069
:10ace00040eb2100c5f207006c08f8007208f8007c
:10acf00021012900811f78000105200040eb21007f
:10ad0000c807070040eb210016db070000017800b0
:10ad1000f3f880001100200040eb2100b7f207009b
:10ad200040eb21000fdb070000017800e3f8800012
:10ad30001100200040eb2100b0f20700f0f8800085
:10ad400048ee0700e0f8800046ee07008608f800ad
:10ad50007808f80030042900801f780001052000e1
:10ad600040eb2100af07070040eb2100fdda0700b0
:10ad700000017800f3f880001100200040eb210072
:10ad80009ef2070040eb2100f6da07000001780090
:10ad9000e3f880001100200040eb210097f207004b
:10ada0008808f8007a08f800c1062900811f780099
:10adb0000105200040eb21009a07070040eb21002d
:10adc000e8da070000017800f3f8800011002000a5
:10add00040eb210089f2070040eb2100e1da070097
:10ade00000017800e3f880001100200040eb210012
:10adf00082f207008a08f8007c08f8009009290010
:10ae0000801f78000105200040eb21008507070026
:10ae10008887470040eb2100d2da07000001780064
:10ae2000f3f880001100200040eb210073f20700ce
:10ae300040eb2100cbda070000017800e3f8800046
:10ae40001100200040eb21006cf20700f0f88000b8
:10ae500004ee0700e0f8800002ee07008c08f8001e
:10ae60007e08f800810b2900811f78000105200071
:10ae700040eb21006b07070040eb2100b9da070027
:10ae800000017800f3f880001100200040eb210061
:10ae90005af2070040eb2100b2da07000001780007
:10aea000e3f880001100200040eb210053f207007e
:10aeb0006808f8006e08f800500e2900801f78001e
:10aec0000105200040eb21005607070040eb210060
:10aed000a4da070000017800f3f8800011002000d8
:10aee00040eb210045f2070040eb21009dda07000e
:10aef00000017800e3f880001100200040eb210001
:10af00003ef20700f0f88000d6ed0700e0f8800080
:10af1000d4ed07006a08f8007008f800b1102900a5
:10af2000811f78000105200040eb21003d0707004c
:10af300040eb21008bda070000017800f3f8800075
:10af40001100200040eb21002cf2070040eb210013
:10af500084da070000017800e3f880001100200087
:10af600040eb210025f207008e08f8008008f80069
:10af7000f0122900801f78000105200040eb21001d
:10af80002807070040eb210076da0700000178006f
:10af9000f3f880001100200040eb210017f20700b9
:10afa00040eb21006fda070000017800e3f8800031
:10afb0001100200040eb210010f207009a007800f9
:10afc00019007800f8875700808f50000800310082
:10afd000008050004006b000304388009d06780095
:10afe0001c8056000000e90020438800070037005d
:10aff0000080500030438800618720004087200097
:10b000009100780010805000204388006608f80006
:10b010006408f800c1142900811f78000105200090
:10b0200040eb2100ff06070040eb21004dda07004e
:10b0300000017800f3f880001100200040eb2100af
:10b04000eef1070040eb210046da0700000178002e
:10b05000e3f880001100200040eb2100e7f1070039
:10b060004144800030448000e6875700808f5000c4
:10b070000a003100008050004006b00030438800d4
:10b08000a187200080872000910078001080500068
:10b090000000e900204388000700370000805000ce
:10b0a00030438800a187200080872000910078002d
:10b0b00010805000204388006608f8006408f800fb
:10b0c00040172900801f78000105200040eb210077
:10b0d000d406070040eb210022da070000017800c7
:10b0e000f3f880001100200040eb2100c3f10700bd
:10b0f00040eb21001bda070000017800e3f8800034
:10b100001100200040eb2100bcf1070051448000f9
:10b1100010448000e6875700808f50000a003100fd
:10b12000008050004006b00030438800c1872000f6
:10b130004087200091007800108050000000e90056
:10b14000204388000700370000805000304388000b
:10b15000c1872000408720009100780010805000b7
:10b1600020438800f0f880003eed0700e0f8800002
:10b170003ced07006608f8006408f800d1192900c2
:10b18000811f78000105200040eb2100a506070083
:10b1900040eb2100f3d9070000017800f3f88000ac
:10b1a0001100200040eb210094f1070040eb21004a
:10b1b000ecd9070000017800e3f8800011002000be
:10b1c00040eb21008df107007144800010448000a5
:10b1d000e6875700808f50000a0031000080500041
:10b1e0004006b000304388000188200040872000de
:10b1f00091007800108050000000e9002043880092
:10b20000070037000080500030438800018820008c
:10b210004087200091007800108050002043880073
:10b220006608f8006408f800a01b2900801f780059
:10b230000105200040eb21007a06070040eb2100c9
:10b24000c8d9070000017800f3f880001100200041
:10b2500040eb210069f1070040eb2100c1d9070054
:10b2600000017800e3f880001100200040eb21008d
:10b2700062f10700f0f88000faec0700e0f88000c7
:10b28000f8ec0700b000200010248900e687570082
:10b290001f003700202381000000e00001003a0079
:10b2a000b10b070020238100f40f500018003a0072
:10b2b000af0b0700160037006424f8006624f8007e
:10b2c000821f7800a11d2900811f78000105200040
:10b2d00040eb21005306070040eb2100a1d90700f5
:10b2e00000017800f3f880001100200040eb2100fd
:10b2f00042f10700f0f88000daec070010002000af
:10b30000104088007000200010248900e887570052
:10b31000104080000000e0003f003200e20f5000cb
:10b320001300320005003e000000e0003a00320049
:10b33000e10f500024003a0005003700e30f5000f1
:10b3400013003200e50f50001f003a0018003700cc
:10b35000c482a800500020001040880030238100e3
:10b360007043880021238100414388002a00370070
:10b37000cc82a800500020001040880030238100bb
:10b380008043880021238100514388002200370038
:10b39000c502a80050002000104088003023810022
:10b3a0009043880021238100614388001a00370000
:10b3b000c482a900cc82a900c502a9000000eb004c
:10b3c00010408800140037006424f8006624f80058
:10b3d000801f7800c01f2900801f78000105200011
:10b3e00040eb21000f06070040eb21005dd907006c
:10b3f00000017800f3f880001100200040eb2100ec
:10b40000fef00700f0f8800096ec07000000eb006b
:10b4100010408800e887570072238100430620000f
:10b42000110009000301d800010078007803200012
:10b430000880b900828e2000800441008224f80038
:10b44000c0418000d141800058d40700801f78009f
:10b45000204180003141800054d40700801f7800d3
:10b460006042800071428000809fbe00a024810065
:10b47000b12481004dd40700809fbe00602481006c
:10b480007124810049d40700809fbe000a1ff80084
:10b49000081ff800061ff800041ff8006424f800d5
:10b4a0006624f80041222900811f78008800780076
:10b4b00009007800db050700702381000000e80028
:10b4c0007023890042012000110009000200d80009
:10b4d00000fe2f00808747000100e00001003a00d5
:10b4e000290b07002043a8000080fa004f06be0089
:10b4f0004f05be004f04be004f03be004f02be000a
:10b500004f01be004f00be003600f90000400600ab
:10b5100068428000794280002242800033428000ed
:10b520000800be001dd407000000e000fdfa3c004a
:10b53000fefa3700809fbe0041238100703e20004c
:10b54000808f500002003c000100e8004023890089
:10b55000502381000000e000020034000000e900f8
:10b560005023890084e0a9004f00be00004006007f
:10b570003600f800809fbe00829fbe00849fbe0000
:10b58000869fbe00889fbe008a9fbe008c9fbe0023
:10b590000600fa0040f02100941507002616070067
:10b5a00080f88800e10f40000100320050f8880068
:10b5b000621607000004be00c0448800d144880021
:10b5c0000200200003f8230018d507000000e00067
:10b5d00002003200e8448800f94488003233230036
:10b5e00033f32300604580007145800099d4070043
:10b5f0000004be0030f88000cf80de000cd40700cd
:10b60000a299290093e9230092d407000001be000b
:10b610000800be0032d407000006be006045880066
:10b62000714588003233230033f323004045800006
:10b630005145800087d407000004be0040f8800018
:10b64000cf80de00fad30700a299290093e92300f6
:10b6500080d407000001be000800be0020d407000f
:10b66000008fbe0040458800514588003a47800061
:10b670005a009000cf80de00edd307000001be002d
:10b680000c00be0015d407000004be001a007800ac
:10b69000cf80de00e6d307000006be000001be003a
:10b6a0000800be009fd407000001be0069d4070057
:10b6b0000004be006a009000cf80de00dcd30700eb
:10b6c0000001be001e00be0004d407000c01be0035
:10b6d00094d407000001be005ed407000001be0044
:10b6e0000800be00fed30700d2d4070006d507002d
:10b6f00000458800114588000200200043332400e3
:10b7000054d40700b2fd20009304240085d4070020
:10b7100020458800314588000001be00a1d3070004
:10b720000000e000030032006000b80020458800ff
:10b73000314588000001eb00a1f88000201c2000aa
:10b74000808f500001003600120020002207980070
:10b750000001eb00b1f88000201c2000808f500019
:10b760000100360012002000820678000001eb0084
:10b77000c1f88000201c2000808f5000010036009e
:10b780001200200002067800a02381000000e000e3
:10b790002a00320098f880006140b900a4d3070065
:10b7a0000800e00003003d000200200003782400b0
:10b7b000cbd3070002002000632c240059d40700db
:10b7c0000004be002a4580003b45800030478000d1
:10b7d00080089000d0f8800038160700889fbe00cf
:10b7e0008c1f78008d1f78002e019000821f78003a
:10b7f0008a9fbe00809fbe00e0448000f14480002c
:10b800006ad30700809fbe000a1ff800081ff800d7
:10b81000061ff800041ff80000252900801f78008b
:10b820000105200040eb2100fe04070000fe2f0070
:10b830008087470040eb2100ed040700cc62a800a0
:10b8400010002000ce0407002043a8008500a900b6
:10b850000080fa004f06be004f05be004f04be0038
:10b860004f03be004f02be004f01be004f00be009e
:10b870003600f900004006003600f800809fbe0048
:10b88000829fbe00849fbe00869fbe002043a90009
:10b890000018800090f8880010188000a0f8880038
:10b8a00020188000b0f8880030188000c0f88800a8
:10b8b00040188000d0f88800902381000000e0004c
:10b8c0000300320030002000ad040700cc62a90064
:10b8d00085a0a9004f03be004f02be004f01be006d
:10b8e0004f00be003600f900004006003600f800a8
:10b8f000809fbe00829fbe00849fbe00869fbe00c8
:10b90000889fbe008a9fbe008c9fbe002c00fa005c
:10b91000c02729001e000900305f7800fe01b10039
:10b9200092458000260320000002eb00f502200073
:10b930001200370040238100860f500002003c00b7
:10b9400082007800020037004423890084007800d8
:10b9500030118000438b200080f07900ea4f5000c6
:10b96000330032000101e80022c2bf000018a3002a
:10b970002b003a00850f510020003c0022c2bf007e
:10b980000008a300ebff3a00924588008560a900fb
:10b99000008b20001004e00051033200418b200096
:10b9a00010c4b300914f100048033a00518b20009f
:10b9b00073404000914f100044033a00608b200018
:10b9c00090407800c0c4b30080cf50009100320096
:10b9d0001f003c006640500080cf50002f00320016
:10b9e0006340400080cf50007a0032006640500033
:10b9f00080cf500035033a001f0037009245880081
:10ba00000181e800a1c0b300408b200001717800e3
:10ba100011c0b300008b200001487800dbff370025
:10ba20002222a9000000eb0090458800d7ff3700d4
:10ba3000914588008100e8000040eb0080f079002b
:10ba400011c0b300008b200001487800cfff370001
:10ba500030c5b30080cf5000800132006440400008
:10ba600080cf50008b0132006740500080cf5000e3
:10ba700016033a0069003700602381000000e000ef
:10ba800003003200f0d32800590407000f033700e9
:10ba900010002000602389000c033700708b200009
:10baa0009040780000c5b30080cf50001a003a00e3
:10bab000808b20009040780010c3b30080cf5000ee
:10bac00009003a00b029290049040700c482a800ef
:10bad000a00020002a040700c482a900c02a29006f
:10bae00043040700f902370020c3b30080cf5000a1
:10baf000f6023a00802b29003d040700c502a80089
:10bb0000a00020001e040700c502a900c02a2900c9
:10bb100037040700ed02370030c5b30080cf500076
:10bb20000d003a00818b200020c3b300914f10001c
:10bb3000e6023a00902c29002d040700cc82a800d0
:10bb4000a00020000e040700cc82a900c02a290012
:10bb500027040700dd02370010c4b30080cf500077
:10bb6000da023a00c1c4b300808b200090cf1000ed
:10bb7000d6023a00908b200090cf1000d3023a00fa
:10bb8000b02d29001a040700c482a8004006200036
:10bb9000fb030700c482a900602e290014040700db
:10bba000cc82a80040062000f5030700cc82a90043
:10bbb000102f29000e040700c502a800400620002f
:10bbc000ef030700c502a900c02a290008040700e6
:10bbd000be023700e1e62800811f780072e72800e6
:10bbe000821f780090002000801f7800801feb00eb
:10bbf000c12f2900811f78000105200040eb2100a2
:10bc00000804070040eb2100f9030700ea8757000a
:10bc1000ae0237005c090700ac02370030478000f5
:10bc200065090700718b200020c5b300914f1000fb
:10bc3000ad003a003047800030009000801f78004f
:10bc4000d2312900821f78000105200040eb21003d
:10bc5000f403070040eb2100e503070030478000b4
:10bc600050009000801f780080322900801f7800eb
:10bc70000105200040eb2100ea03070040eb210012
:10bc8000db0307003047800060009000801f7800d1
:10bc900031332900811f78000105200040eb21008d
:10bca000e003070040eb2100d1030700304780008c
:10bcb00040009000801f7800e2332900821f780046
:10bcc0000105200040eb2100d603070040eb2100d6
:10bcd000c703070030478000901f7800a034290078
:10bce000801f78000105200040eb2100cd030700f4
:10bcf00040eb2100be030700304780001000900099
:10bd0000801f780051352900811f7800010520002f
:10bd100040eb2100c303070040eb2100b403070000
:10bd20003047800000089000801f780012362900fc
:10bd3000821f78000105200040eb2100b9030700b5
:10bd400040eb2100aa030700304780001008900054
:10bd5000801f780080372900801f780001052000af
:10bd600040eb2100af03070000fe2f008087470053
:10bd700040eb21009e030700304780002008900020
:10bd8000801f780071392900811f7800010520008b
:10bd900040eb2100a303070040eb210094030700c0
:10bda0003047800030089000801f7800423b290017
:10bdb000821f78000105200040eb21009903070055
:10bdc00040eb21008a0307003047800040089000c4
:10bdd000801f7800803c2900801f7800010520002a
:10bde00040eb21008f03070040eb21008003070098
:10bdf0003047800050089000801f7800913d290056
:10be0000811f78000105200040eb21008503070019
:10be100040eb210076030700304780006008900067
:10be2000801f7800923e2900821f780001052000c3
:10be300040eb21007b03070040eb21006c0307006f
:10be40003047800070009000801f7800803f2900fc
:10be5000801f78000105200040eb210071030700de
:10be600040eb210062030700c0238100d123810041
:10be7000809fbe0081402900811f780001052000bd
:10be800040eb21006703070040eb21005803070047
:10be900098f880006140b900e5d107000800e00093
:10bea00003003d0002002000037824000cd20700ac
:10beb00002002000632c24009ad20700809fbe005d
:10bec000b2412900821f78000105200040eb2100cb
:10bed00054030700c0fd2f008087470040eb21007e
:10bee00043030700f901370030478000400c900001
:10bef00030012000fc0907008004780020012000a8
:10bf0000f90907000005780010012000f609070074
:10bf10004017980000012000f3090700301798002f
:10bf2000f0002000f009070020179800e000200032
:10bf3000ed09070010179800d0002000ea0907005b
:10bf400000179800c0002000e7090700800578006e
:10bf5000b0002000e409070000067800a0002000df
:10bf6000e10907008006780090002000de09070044
:10bf70005017980080002000db090700314780003f
:10bf8000881f7800891f78008a1f78004e11900062
:10bf9000821f78003e119000821f78002e119000c1
:10bfa000821f78001e119000821f78000e119000f1
:10bfb000821f78008b1f78008c1f78008d1f7800ff
:10bfc0005e119000821f7800801f780001089000a9
:10bfd000801f780011019000821f7800911f780067
:10bfe00041019000821f780061009000801f78005e
:10bff00051019000821f7800b1009000811f7800ed
:10c00000c0422900801f78000105200040eb21007c
:10c010000403070060fd2f008087470040eb2100ec
:10c02000f302070030478000e0089000811f78008d
:10c0300050089000801f7800b2462900821f7800c7
:10c040000105200040eb2100f602070040eb210033
:10c05000e7020700e68757009c013700708b20003d
:10c060009040780010c3b30080cf500003003a0026
:10c0700010002000a02389009401370000c3b30002
:10c0800080cf500091013a000000eb00a02389000e
:10c090008e013700808b20009000fb0000fd2f00f8
:10c0a00080844000908b20001041780053002000d5
:10c0b000c0c2b300804f5100060032006a48b90088
:10c0c0000201fb000001410000fd2f00800441003f
:10c0d00063002000f58f540079003a00508b200057
:10c0e000808041000001eb0093c2b30005003700df
:10c0f000007779000201e8008100e800f40f5100a8
:10c100000300320011407800834f5000f8ff3a00de
:10c110000040eb0000717f008e0478005801200081
:10c120001900fb004800dd00994090008100fb00f1
:10c130000100400088007800481107008984e80069
:10c140000804e800ff0f5400f5ff3a005a012000f0
:10c150008004eb004b0020003c0020000a00780027
:10c16000ed10070000047800402881000008a300bb
:10c170003a003a000018a3000b0032008b1f780031
:10c1800020472900801f78000105200040eb210096
:10c19000a402070040eb2100950207000b00780085
:10c1a000c1070700e4875700402881000068a3000a
:10c1b0000b0032008c1f780021472900811f780076
:10c1c0000105200040eb21009602070040eb210012
:10c1d000870207000c007800a5070700e4875700d6
:10c1e000402881000078a3000b0032008c1f7800eb
:10c1f00022472900821f78000105200040eb210022
:10c200008802070040eb2100790207000c0078004b
:10c2100097070700e487570030478000d008900058
:10c220004840de0080f07c003047800050089000dd
:10c23000008044001004e000130032001840980011
:10c24000304780005008900000804400104090006b
:10c250000004e00004003a000b0037004028810091
:10c260000000a1004028890030478000d0089000dd
:10c270000040eb00c05098000a05e8008984e800ff
:10c28000ff0f5500b5ff3a0030478000500890007e
:10c29000801f780050012000801f780091472900fe
:10c2a000811f78000105200040eb21005d0207009e
:10c2b00040eb21004e020700e687570003013700dc
:10c2c000ff8f54007b003a00508b2000808041009b
:10c2d0000001eb0093c2b30005003700007779003e
:10c2e0000201e8008100e800fe0f51000300320067
:10c2f00011407800834f5000f8ff3a000040eb00f7
:10c3000000717f008e047800f8012000ea0220000e
:10c310001900fb004800dd00994090008100fb00ff
:10c320000100400088007800cc1007008984e800f4
:10c330000804e8008a0f5400f5ff3a00fa012000d3
:10c340008004eb004b0020003c0020000a00780035
:10c350007110070000047800402881000008a30045
:10c360003a003a000018a3000b0032008b1f78003f
:10c3700022472900821f78000105200040eb2100a0
:10c380002802070040eb2100190207000b0078008b
:10c3900045070700e4875700402881000068a30094
:10c3a0000b0032008c1f780020472900801f780086
:10c3b0000105200040eb21001a02070040eb21009c
:10c3c0000b0207000c00780029070700e4875700dc
:10c3d000402881000078a3000b0032008c1f7800f9
:10c3e00021472900811f78000105200040eb210032
:10c3f0000c02070040eb2100fd0107000c00780053
:10c400001b070700e487570030478000e0089000d2
:10c410004840de0080f478003047800060089000db
:10c42000008044001004e00014003200184098001e
:10c4300030478000600890000900400010409000e4
:10c440000004e00004003a000c003700402881009e
:10c450000000a1004028890030478000e0089000db
:10c460000040eb00e05898000a05e8008984e800e5
:10c47000e0022000800f5500b4ff3a0030478000f2
:10c4800060089000801f7800f2012000821f780071
:10c4900090472900801f78000105200040eb210013
:10c4a000e001070040eb2100d1010700e6875700bb
:10c4b00086003700f48f54007a003c000301e80046
:10c4c000408b2000e24078000003eb00d0c2b300b4
:10c4d00080cf500002003a000381e80016002000df
:10c4e000f48f540013003a00408b200000024100fa
:10c4f0008002eb000501780007cdb30008fd2f0096
:10c500009440780007c04000e94f50001b003e00f7
:10c510006a11b9000100fb00020040000801400060
:10c520008502e8000402e800e58f520013003200a3
:10c53000f3ff3700408b2000000241008002eb0037
:10c540000501780007cdb30008fd2f009440780066
:10c5500007c04000e94f500008003e006a11b900d2
:10c560000100fb0002004000080140008502e800d5
:10c570000402e800e48f5200f4ff3a000600e000f5
:10c58000010032000201ea00890078000200780010
:10c590003210070009007800df0f0700000578005f
:10c5a000402881000008a3002d003a000018a300d5
:10c5b0000c00320048002000881f78002147290025
:10c5c000811f78000105200040eb21009501070044
:10c5d00040eb21008601070008007800b206070042
:10c5e000e4875700402881000068a3000c00320057
:10c5f00038002000881f780022472900821f780019
:10c600000105200040eb21008601070040eb2100de
:10c61000770107000800780095060700e4875700b7
:10c62000402881000078a30010003200380020006c
:10c63000881f780020472900801f7800010520000e
:10c6400040eb21007701070040eb21006801070063
:10c650000800780086060700e487570003003700cb
:10c66000402881000000a100402889003147800057
:10c67000090078004f0807008a1f7800891f78009a
:10c6800051482900811f78000105200040eb21005e
:10c690006401070040eb210055010700e6875700c1
:10c6a0000a00370052002000821f7800204729002e
:10c6b000801f78000105200040eb21005901070090
:10c6c00040eb21004a010700e48757000000eb001f
:10c6d0009045880040238900018b20008048780025
:10c6e0008560a9000080fa004f06be004f05be001d
:10c6f0004f04be004f03be004f02be004f01be00fc
:10c700004f00be003600f900004006003600f80079
:10c71000809fbe00829fbe00849fbe00869fbe0099
:10c72000f0f880000000e0000f003a006424f800f8
:10c730006624f800b0622000801f780010492900ac
:10c74000801f780080492900801f780001052000a3
:10c7500040e621003301070040e6210024010700e4
:10c76000ea875700150037006424f8006624f800b3
:10c77000c0622000801f780010492900801f7800c7
:10c78000b04d2900801f78000105200040e62100ff
:10c790002401070040e6210072d407000001780060
:10c7a000f3f880001100200040e6210013ec0700a0
:10c7b000f0f88000abe70700ea8757008020a90067
:10c7c0000000fe004f03be004f02be004f01be003e
:10c7d0004f00be003600f900004006003600f800a9
:10c7e000809fbe00829fbe00849fbe00869fbe00c9
:10c7f000f0f880000000e0000f003a006424f80028
:10c800006624f80040632000801f7800104929004a
:10c81000801f780010512900801f7800010520003a
:10c8200040e62100ff00070040e62100f00007007d
:10c83000ea875700150037006424f8006624f800e2
:10c8400050632000801f780010492900801f780065
:10c8500000552900801f78000105200040e62100d6
:10c86000f000070040e621003ed4070000017800f8
:10c87000f3f880001100200040e62100dfeb070004
:10c88000f0f8800077e70700ea8757008060a9008a
:10c890000000fe004f03be004f02be004f01be006d
:10c8a0004f00be003600f900004006003600f800d8
:10c8b000809fbe00829fbe00849fbe00869fbe00f8
:10c8c000f0f880000000e0000f003a006424f80057
:10c8d0006624f800d0632000801f780010492900ea
:10c8e000801f780020582900801f78000105200053
:10c8f00040e62100cb00070040e62100bc00070015
:10c90000ea875700150037006424f8006624f80011
:10c91000e0632000801f780010492900801f780004
:10c92000105c2900801f78000105200040e62100ee
:10c93000bc00070040e621000ad40700000178008f
:10c94000f3f880001100200040e62100abeb070067
:10c95000f0f8800043e70700ea8757008040a9000d
:10c960000000fe004f03be004f02be004f01be009c
:10c970004f00be003600f900004006003600f80007
:10c98000809fbe00829fbe00849fbe00869fbe0027
:10c99000f0f880000000e0000f003a006424f80086
:10c9a0006624f80060642000801f78001049290088
:10c9b000801f7800105f2900801f7800010520008b
:10c9c00040e621009700070040e6210088000700ac
:10c9d000ea875700150037006424f8006624f80041
:10c9e00070642000801f780010492900801f7800a3
:10c9f000c0632900801f78000105200040e6210067
:10ca00008800070040e62100d6d307000001780027
:10ca1000f3f880001100200040e6210077eb0700ca
:10ca2000f0f880000fe70700ea8757008080a90030
:10ca30000000fe004f03be004f02be004f01be00cb
:10ca40004f00be003600f9000040060000712200d1
:10ca500010088800a5c0bf00f1c8b3000140600005
:10ca60000045b300a5e0b7008460a9009460a80069
:10ca700004c1bf00f1ccb300014060000044a0003d
:10ca800004e1b70005e1a8000000060000712200e3
:10ca900060088800a7c0bf000044a1000046b300a2
:10caa000a7e0b70084e0a90094e0a80010c1bf008f
:10cab000f1ccb300014060000044a00010e1b700d9
:10cac00000000600400d230070088800a8c0bf00c9
:10cad00081cfb300014060000024a000a8e0b700af
:10cae0008500a9009500a80012c1bf000044a10064
:10caf0000054a00012e1b7000000060021c3bf00ef
:10cb0000c1cfb3000140600021e3b70002ceb30003
:10cb1000024078002063b7002043a80022c3bf0072
:10cb200031ccb300014060000044a00022e3b70014
:10cb300025e3a9002343a8004000200040198800f5
:10cb4000005d20008019880000c4b30024e3b70012
:10cb500025c3bf0002406000c041b30025e3b70019
:10cb6000aac0bf000044a1000046b300aae0b7007d
:10cb700085a0a90095a0a80021e3a8000000060058
:10cb80000000e000090034008001eb00a2a62000b4
:10cb90008000eb008100e800828f5000fdff3a002a
:10cba0008301e800830f5000f9ff3a0000000600ff
:10cbb00010012000401188002162a8002062a80016
:10cbc00023e2a80023a2a900a9c0bf00f1c8b300b6
:10cbd000014060000045b300a9e0b7008560a900ee
:10cbe0009560a90021e2a8002342a80000000600e9
:10cbf000904078000104e000090032000001e800e4
:10cc000023c2bf000018a300fdff3a000100fb0093
:10cc100020118800b24078000104e000f8ff3a00db
:10cc200000000600fc874700889fbe008a9fbe0068
:10cc30008c9fbe008e1f78000007780081bf9f0088
:10cc400000fd2f0000804700f0b79f000fa997005c
:10cc5000924078008006eb000104e0009702320069
:10cc60000006eb0023002000b3b79f008c0678007d
:10cc700050c2b30080cf500085023a000c01e8009a
:10cc80000faa9700e2407a006b40400080cf50002e
:10cc900004003200020678008003eb00c7b79f0053
:10cca000030037000c86e80010002000c0b79f008a
:10ccb0000fa99700ec407900f0ccb30000c0400011
:10ccc00013002000d3b79f00e84f500005003e003e
:10ccd0008100fb0000fd2f0080804000d1b79f0045
:10cce0000c06e8000faa9700ec407a00e0c2b300ff
:10ccf00080cf50000300320027002000b7b79f000c
:10cd00000c0037008fa897000c80400090409000e6
:10cd100000cdb30000c04000e94f500004003e00c9
:10cd20008100fb0000fd2f0080804000b1b79f0014
:10cd30000c86e8000fa99700ec4079008001eb0019
:10cd4000c0c6b30080cf500002003a000c06e800d5
:10cd5000130020000faa97000c01420092407800b7
:10cd600060c6b30080cf5000dd0032000f003c00f1
:10cd70006340500080cf50001402320007003c0096
:10cd800050c2b30080cf50002b02320080c5b300e8
:10cd900080cf500030023a00d201370040c6b300c5
:10cda00080cf50002c023a000f00370030c7b3008c
:10cdb00080cf50000f02320004003c006a40500057
:10cdc00080cf500024023a000700370050c7b3005c
:10cdd00080cf5000840032006340400080cf50007c
:10cde0001d023a00bf0137000300e00036003200a8
:10cdf000ffb397004704be00f7b79f00e00f540051
:10ce0000e08f5c0009003d00d0c2b30080767f0057
:10ce10008d06e8008fb8970063805000808f560021
:10ce20002d023d0060041400e0841c000005eb00ae
:10ce3000e10f4400e08f5c00100034000005eb00bf
:10ce4000a2002000030020000800be00c4cd07009f
:10ce50006a01b800024154000243b00083fd2f0074
:10ce60008f81410082717d000a05e8000004be0048
:10ce7000e10f4000e08f5800f1ff3c00880178008e
:10ce80000800e0002e00320087fd2f008f83430052
:10ce90000a824300a5002000110009008581d80006
:10cea000000178006a10b90000c0510001c3b3004e
:10ceb000015a4000820178000a05e8000200e00003
:10cec0001f003200f4ff37007fb19700c2017800e5
:10ced000f2b79f000300e00008003d00d0c2b3009d
:10cee00080767f008d06e8000fba9700630052003d
:10cef000808f5600f8013d008301ea000300e00046
:10cf0000110034000005eb00a4002000110009000e
:10cf10008401d800000178006a10b90000c05100f7
:10cf20000043b00087fd2f008f83430080737d0096
:10cf30000a05e800820178000200e000f3ff3c00ef
:10cf40000a00e00003003a0000c3b30080df9f0046
:10cf50001a0020005fb197008a0f51001f003400b3
:10cf600032023700cfb197000300e0000600320024
:10cf700000c3b30084fd2f000a02420000f27f00cc
:10cf80000a05e8000500370000c2b30081fd2f004c
:10cf90008a80400080f07f000a05e800dfb197003a
:10cfa0008a8f51000d0034000a00e000be013200fb
:10cfb000ecff37008100e900a45978008d06e800f5
:10cfc00002005300050040008d0f5000c2013200e6
:10cfd0000100e000f7ff3c00b30137000a00e00069
:10cfe00015023c00b00137007fb29700c401780001
:10cff000f4b79f000300e000110032000002eb00d4
:10d00000a5002000110009008581d80000017800ea
:10d010006a10b90000c051000043b00087fd2f0026
:10d020008f83430080737a00820178000402e80055
:10d030000200e000f3ff3a000400e00003003a00c1
:10d0400000c3b30080df9f00140020005fb1970091
:10d05000840f51001f003400ac013700cfb197009e
:10d060000300e0000600320000c3b30087fd2f007c
:10d070008483430080f37f000402e800050037004a
:10d0800000c2b30082fd2f000401410000f17f00c7
:10d090000402e800dfb39700848f53000d003400d2
:10d0a0000400e00080013200ecff37008100e9005d
:10d0b000a45978008d06e800020053000080420069
:10d0c000808f5600840132000100e000f7ff3c0031
:10d0d000750137000400e0008f013c007201370049
:10d0e0007fb097004005be00f0b79f00f2ff2f0011
:10d0f000f3f727000a00be0028cd07000000e0007b
:10d100000d00340090c6b30080767f008d0047008c
:10d11000654040009040980068405000a040980052
:10d12000e38646008fb8970063805000808f5600da
:10d130005d01350068013700f2ff2f00f3f72f0083
:10d140000a00be0017cd07000000e00012003d00fd
:10d15000d0c2b30080767f008d00470090c6b30038
:10d160009040980065404000a0409800e380460051
:10d170008fb9970063815100828f500056013d00a6
:10d180006840500080707f00e48646008d0f51009b
:10d1900045013c00500137000a01be000a00be00f4
:10d1a00000cd07000000e000c2003a006011b800a6
:10d1b0000a00be00fbcc07000000e00002003500c2
:10d1c000edb79f0009003700d0c2b30080767f0022
:10d1d0008d06e800edb79f000bf0a2000fba970094
:10d1e00063005200808f56003b013d000a00be00e4
:10d1f000eecc07000004be000dcd07000001be000c
:10d200000a00be0035cd070090b79f00a1b79f0070
:10d21000e00f5400e08f5c00120034000005eb00ca
:10d22000a2002000030020000800be00cccc0700b4
:10d230006a01b900024154000243b00087fd2f008b
:10d240008f83430082737d006104b9000a05e80002
:10d25000e00f5400e08f5c00f1ff3c000a00e000aa
:10d2600003003a0000c3b30080df9f001a002000d3
:10d270005fb197008a0f5100210034003801370058
:10d28000cfb197000300e0000600320000c3b300f6
:10d2900084fd2f000a02420000f27f000a05e80028
:10d2a0000500370000c2b30081fd2f008a804000d6
:10d2b00080f07f000a05e800dfb197008a8f5100f7
:10d2c0000f0034000a00e0000f003200ecff3700ce
:10d2d0008100e900a4597800efb397008703e800c4
:10d2e000e7b79f000200530005004000870f500081
:10d2f000f90032000100e000f5ff3c0002003700b9
:10d300000a00e00019013c003fb097000000e00077
:10d3100002003c00efb69700e3003700e0c2b30024
:10d32000efb0970080707f008106e8000fb997008a
:10d33000e30551008b8f56001f013500e6003700d2
:10d340000004eb008004e800020020000312240027
:10d350001fb09700afb097003ecd070090b79f0079
:10d36000a1b79f000804e800888f5400f6ff3a0038
:10d37000bfb19700e48f5100180034001fb0970030
:10d38000afb0970089cc07000004be00e00f50004a
:10d39000e08f5800280034000005eb00a2002000b8
:10d3a000030020000800be006dcc07006a01b90030
:10d3b000024154000243b00084fd2f000f024200de
:10d3c00002727d006104b9000a05e800e00f540014
:10d3d000e08f5c0016003400f0ff37001fb09700ac
:10d3e000afb0970071cc0700800178000000e0002a
:10d3f000110034000005eb00a4002000110009001a
:10d400008401d800000178006a10b90000c0510002
:10d410000043b00081fd2f008f80400080707d00b0
:10d420000a05e800820178000200e000f3ff3c00fa
:10d430000a00e00003003a0000c3b30080df9f0051
:10d440001a0020003fb297008a0f520016003400e5
:10d45000de00370000c3b300004978008100e80017
:10d46000bfb39700818f53000e0032000201e80025
:10d470000100e0008c003200f6ff37008100e90077
:10d48000a45978008d06e800028055000500400090
:10d490008d0f5000900032000100e000f7ff3c00cb
:10d4a00081003700010578000a00e000ce003c0052
:10d4b0007d003700e2c4b30082767f008d00470014
:10d4c00010c6b30090409800a2409800e386460042
:10d4d0008fb8970063805000808f5600720035002f
:10d4e0007d003700ffb1970043017800f3b79f003c
:10d4f0000002eb000200e0000e0034000002eb002e
:10d50000c490de004408dd00004051000043b0003c
:10d5100087fd2f008f83430080737a000402e800a8
:10d52000010178000100e000f5ff3c00e10f52002e
:10d5300009003c0083fd2f008f81410004804100e1
:10d5400001c3b300015878000402e800e10f520063
:10d55000cb003c00fbff37000400e000c8003a00ad
:10d5600000c3b30080767f008d06e8000fba9700f5
:10d5700063005200808f56004b0035005600370084
:10d580009340780090c3b30080cf50000400340073
:10d5900067c0400080767f008d06e80002003700fb
:10d5a00081767f008d06e8008fbb97006380530073
:10d5b000808f560048003d000201e8008301e90029
:10d5c000820f520038003200edff3700ffb09700a5
:10d5d00041007800f1b79f0080767f008d06e8005b
:10d5e0000fb9970063005100808f56002e00350060
:10d5f00039003700ffb19700c3007800f3b79f00f0
:10d60000114078000004e000060032000e81460060
:10d61000005978008d06e800514078000004e000d1
:10d62000fbff3a000fba9700630052008d0f5000c5
:10d630001d003c002800370050c2b30080767f00f8
:10d640008d06e8008fbb970063805300808f5600e3
:10d6500015003500200037008fa897000c8040008f
:10d6600070f8970080767f000d00e8008fb9970072
:10d67000e3805100810f500017003d0012707f00c1
:10d680008d86e8008d8f500007003c0012003700a7
:10d6900081767f008d06e8000fba97000400e9004c
:10d6a000808f56000c003d000c06e8008fab970001
:10d6b000e7407e000104e0006dfd3a000040eb0011
:10d6c00080767f000d00e8008000eb000fb9970026
:10d6d000800f510072003c00110020008fb99700ac
:10d6e000e28f51006e0034008e804100d0c0b30044
:10d6f000d0f89f00a0c0b300e0f89f000040eb000e
:10d70000f0f89f0011002000650037000400e000e1
:10d7100052fe3a006ffe37008400e90087fd2f00bb
:10d7200081834300e7c37f0087767f000d01e80017
:10d730000fb8970063035000860f5100e6ff3d00cd
:10d740000480e90083fd2f008f81410000824100a9
:10d750008202780082014700820678005afe370074
:10d760000a00e000c6fe3a00e5fe37008a00e90044
:10d7700084fd2f0001024200e4c37f006fb29700d6
:10d7800007727f000401e8000fb8970063035000a0
:10d79000860f5100d0ff3d000a80e90083fd2f0075
:10d7a0008f81410000824100820278008e01410099
:10d7b000e2b79f00cffe3700bfb097000100e9003d
:10d7c000e10f4000defe3a00e9fe37000a00e0000b
:10d7d00035ff320083fd2f008f8141000a81410017
:10d7e0008a0078001bff37008a00e90084fd2f00c3
:10d7f0000102420064c27f0084767f00efb397008d
:10d800000781e800828f5500b3ff34000a80e900e9
:10d8100083fd2f008f814100008241008202780049
:10d8200082014700820678001bff37000a00e000f3
:10d83000ccfd3a00e9fd37008a00e90084fd2f00a5
:10d840000102420064c27f0084767f000d01e8007f
:10d850008fbb970063835300860f51009eff3d00ee
:10d860000a80e90083fd2f008f8141000082410082
:10d87000820278008201470082067800d4fd3700da
:10d880000400e00088ff34000400e90087fd2f0059
:10d890008f834300808143000001eb0038ff370095
:10d8a000010078004f0778004f06be004f05be000c
:10d8b0004f04be00cf01b10000000600889fbe00eb
:10d8c0000004be006011b80034cb07000000e00087
:10d8d00001003d0009f0a2000800be004f04be0098
:10d8e00000000600889fbe008a9fbe008c9fbe007d
:10d8f0008e1f7800000778000009900090099000c2
:10d90000d00090004000900075cb070020079800e1
:10d91000310798000e0890009e089000e7ff07006e
:10d920000005be00200f9800310f98000200200073
:10d93000832c240019cb07000000e0001d003400f8
:10d94000d2cc2c00c3ec23006e089000fe0890009f
:10d9500063cb07000004be000200200003f8230090
:10d960000a00be005ecb070002002000832c2400ca
:10d970005acb07000001be000000200001f82b0078
:10d98000e8cb07000200200003f8230054cb070077
:10d9900002002000030a2400e2cb07000001be00c1
:10d9a0000800be004ecb0700400f9800510f9800b2
:10d9b0001200370010248100e70f500008003a00e1
:10d9c000d2cc2c00c3dc23006e089000fe0890002f
:10d9d00043cb0700400f9800510f98000700370015
:10d9e000d2cc2c00c3ec23006e089000fe089000ff
:10d9f0003bcb0700400f9800510f98000200200019
:10da0000f33424004e089000de08900034cb070069
:10da10000001be004e089000de089000c1cb070058
:10da20000005be0000179800111798002e04900002
:10da3000be0490000801be001e00be0027cb0700f8
:10da40000001be000a00be0082cb07000001be003c
:10da50000800be0022cb07000004be00400798006b
:10da6000510798000e0e90009e0e90006e019000df
:10da7000fe01900019cb07000c01be0017cb070078
:10da80000a01be0073cb07000001be000c00be00ff
:10da900013cb0700000f9800110f98000a01be0079
:10daa0000000200001f823000ccb07004e09900075
:10dab000de09900067cb0700600f9800710f980097
:10dac00068079800790798004f0778004f06be0056
:10dad0004f05be004f04be00000006002ca3ef005f
:10dae0002c83a9002cc3a9002ce3a9002d03a900b5
:10daf0002d43a900c482a900c082a900cc82a9003c
:10db0000c882a900c502a900c102a90098010700a6
:10db1000c142a900c122a900cc62a900c862a90023
:10db20006b40a8006b20a80045c7bf0081cfb300a1
:10db30000140600045e7b700a8c6bf00f8c050002c
:10db4000014060006041b300a8e6b700d8c6bf003e
:10db5000014060007040b300d8e6b700d7c6bf00f0
:10db6000014060000034a000d7e6b700a4c6bf00a3
:10db7000014060000004a000a4e6b700c0c6bf00da
:10db8000014060003040b300c0e6b700000006006e
:10db90000000fa00889fbe008a1f78008004780089
:10dba000010578000000e0002d01320041089000de
:10dbb000801f7800a0672900801f780001052000e1
:10dbc00040eb210017fc070040eb210065cf070068
:10dbd00000017800890178001100200040eb21004d
:10dbe00006e707006a089000801f7800d0682900c7
:10dbf000801f78000105200040eb210009fc070090
:10dc000040eb210057cf0700000178008901780020
:10dc10001100200040eb2100f8e607005a089000b0
:10dc2000801f7800d0692900801f7800010520003e
:10dc300040eb2100fbfb070040eb210049cf070030
:10dc400000017800890178001100200040eb2100dc
:10dc5000eae607002a009000801fe800e06a290039
:10dc6000801f78000105200040eb2100edfb07003c
:10dc700040eb21003bcf07000001780089017800cc
:10dc80001100200040eb2100dce607009a1f78001d
:10dc9000a06c2900801f78000105200040eb2100c6
:10dca000e0fb070040eb21002ecf070000017800c9
:10dcb000890178001100200040eb2100cfe6070029
:10dcc0001a009000801f7800b06d2900801f780036
:10dcd0000105200040eb2100d2fb070040eb2100b2
:10dce00020cf070000017800890178001100200092
:10dcf00040eb2100c1e607003a009000801f780049
:10dd0000d06e2900801f78000105200040eb210023
:10dd1000c4fb070040eb210012cf07000001780090
:10dd2000890178001100200040eb2100b3e60700d4
:10dd30004a009000801f7800e06f2900801f780063
:10dd40000105200040eb2100b6fb070008fe2f0074
:10dd50008887470040eb210002cf070000017800d0
:10dd6000890178001100200040eb2100a3e60700a4
:10dd70005a009000801f780000712900801f7800f1
:10dd80000105200040eb2100a6fb070040eb21002d
:10dd9000f4ce07000001780089017800110020000e
:10dda00040eb210095e607006a009000801f780094
:10ddb00010722900801f78000105200040eb21002f
:10ddc00098fb070040eb2100e6ce07000001780039
:10ddd000890178001100200040eb210087e6070050
:10dde0007a009000801f780020732900801f78003f
:10ddf0000105200040eb21008afb070040eb2100d9
:10de0000d8ce0700000178008901780011002000b9
:10de100040eb210079e607002a089000801f780077
:10de200040742900801f78000105200040eb21008c
:10de30007cfb070040eb2100cace07000001780000
:10de4000890178001100200040eb21006be60700fb
:10de50001a089000801f780060762900801f7800e3
:10de60000105200040eb21006efb070040eb210084
:10de7000bcce070000017800890178001100200065
:10de800040eb21005de607003a089000801f780013
:10de9000a0782900801f78000105200040eb2100b8
:10dea00060fb070040eb2100aece070000017800c8
:10deb000890178001100200040eb21004fe60700a7
:10dec0000a089000801f7800307a2900801f7800af
:10ded0000105200040eb210052fb070040eb210030
:10dee000a0ce070000017800890178001100200011
:10def00040eb210041e60700107c2900801f7800dc
:10df00000105200040eb210046fb070040eb21000b
:10df100094ce0700000178008901780011002000ec
:10df200040eb210035e60700407e2900801f780085
:10df30000105200040eb21003afb070088874700dd
:10df400040eb210087ce07000001780089017800ae
:10df50001100200040eb210028e607008080290006
:10df6000801f78000105200040eb21002dfb0700f9
:10df700040eb21007bce070000017800890178008a
:10df80001100200040eb21001ce60700c0822900a0
:10df9000801f78000105200040eb210021fb0700d5
:10dfa00040eb21006fce0700000178008901780066
:10dfb0001100200040eb210010e6070070842900ca
:10dfc000801f78000105200040eb210015fb0700b1
:10dfd00040eb210063ce0700000178008901780042
:10dfe0001100200040eb210004e607009087290083
:10dff000801f78000105200040eb210009fb07008d
:10e0000040eb210057ce070000017800890178001d
:10e010001100200040eb2100f8e507000a0d9000f8
:10e020008a1f7800e08a2900801f780001052000ff
:10e0300040eb2100fbfa070040eb210049ce07002e
:10e0400000017800890178001100200040eb2100d8
:10e05000eae507000900780082e10700ec87570035
:10e060004f0578004f04be000080fa000000060053
:10e07000801f7800d08b2900801f780001052000c8
:10e0800040eb2100e7fa070040eb2100d8fa070037
:10e0900035000700803e2000b9fa07003400070071
:10e0a000e4875700ffff3700889fbe000004780018
:10e0b0002d000700803e2000b1fa07002c00070069
:10e0c000800c2000aefa07000800e900e10f4000d4
:10e0d000090032000004eb008004e800800c2000fe
:10e0e00016000700800c2000a5fa07000804e800cd
:10e0f000890f5400f9ff3a004f04be0000000600eb
:10e10000889fbe000000e900e10f400009003200d6
:10e110000004eb008004e800800c200007000700ea
:10e12000800c200096fa07000804e800890f5400cc
:10e13000f9ff3a004f04be0000000600881f780077
:10e14000000478000c0007000700070008007800b2
:10e150008bfa07000a000700050007000000eb002b
:10e160004f04780000000600c522a8000000060049
:10e17000c522a90000000600c542a8000000060054
:10e18000c542a90000000600c5c2bf004200de0073
:10e19000610060000004a2004200dd00512c20005c
:10e1a000914078000124a10080c070000100780037
:10e1b000c5e2b70000000600889fbe008a9fbe002f
:10e1c0008005780010002000d308070000047800c4
:10e1d000402881000008a30010003a000018a300a6
:10e1e0000200320040002000afff070040288100fd
:10e1f0000068a30002003200300020009cff0700ee
:10e20000402881000078a300020032003000200086
:10e2100097ff0700b80598000300370040288100e9
:10e220000000a1004028890020002000ba08070053
:10e2300000047800402881000008a30010003a0084
:10e240000018a300020032004000200096ff0700e3
:10e25000402881000068a300020032003000200046
:10e2600083ff0700402881000078a30002003200ed
:10e27000300020007eff0700d8059800030037001b
:10e28000402881000000a1004028890030002000c3
:10e29000a108070000047800402881000008a300be
:10e2a00010003a000018a3000200320040002000d5
:10e2b0007dff0700402881000068a30002003200b3
:10e2c000300020006aff0700402881000078a3008a
:10e2d000020032003000200065ff0700e8059800ca
:10e2e00003003700402881000000a1004028890079
:10e2f00040002000880807000004780040288100c2
:10e300000008a30010003a000018a3000200320029
:10e310004000200064ff0700402881000068a3003f
:10e32000020032003000200051ff07004028810029
:10e330000078a30002003200300020004cff0700ec
:10e34000c805980003003700402881000000a100a4
:10e3500040288900700020006f0807000004780042
:10e36000402881000008a30010003a000018a30014
:10e3700002003200400020004bff070040288100cf
:10e380000068a300020032003000200038ff0700c0
:10e39000402881000078a3000200320030002000f5
:10e3a00033ff0700880d98000300370040288100e4
:10e3b0000000a100402889002b0090006800400068
:10e3c0005508070000047800402881000008a300d9
:10e3d00010003a000018a3000200320040002000a4
:10e3e00031ff0700402881000068a30002003200ce
:10e3f000300020001eff0700402881000078a300a5
:10e40000020032003000200019ff0700980d98002c
:10e41000070037002b00900068004000b2000700a2
:10e42000900d9800402881000000a100402889003c
:10e430002b0090006c0040003708070000047800b3
:10e44000402881000008a30010003a000018a30033
:10e45000020032004000200013ff07004028810026
:10e460000068a300020032003000200000ff070017
:10e47000402881000078a300020032003000200014
:10e48000fbfe0700a80d980003003700402881001c
:10e490000000a100402889002b009000700040007f
:10e4a0001d08070000047800402881000008a30030
:10e4b00010003a000018a3000200320040002000c3
:10e4c000f9fe0700402881000068a3000200320026
:10e4d00030002000e6fe0700402881000078a300fd
:10e4e0000200320030002000e1fe0700b80d980065
:10e4f00003003700402881000000a1004028890067
:10e500004001200004080700000478004028810032
:10e510000008a30010003a000018a3000200320017
:10e5200040002000e0fe0700402881000068a300b2
:10e530000200320030002000cdfe0700402881009c
:10e540000078a3000200320030002000c8fe07005f
:10e55000c80d980003003700402881000000a1008a
:10e5600040288900580120008004eb000800780052
:10e57000e907070000057800402881000008a30093
:10e580001c003a000018a3000200320040002000e6
:10e59000c5fe0700402881000068a3000200320089
:10e5a00030002000b2fe0700402881000078a30060
:10e5b0000200320030002000adfe07005b08900032
:10e5c000c850de00817478005b0890000080440031
:10e5d0001004e0000e0032001a4098005b08900022
:10e5e00009004000104090000004e00004003a00e0
:10e5f00007003700402881000000a1004028890062
:10e600000804e8008984e800ff0f5400d7ff3a00af
:10e61000db0890000040eb00c0509800f80120009b
:10e620008004eb0008007800bb07070000057800b5
:10e63000402881000008a3001c003a000018a30035
:10e64000020032004000200097fe070040288100b1
:10e650000068a300020032003000200084fe0700a2
:10e66000402881000078a300020032003000200022
:10e670007ffe07006b089000c850de0081747800b0
:10e680006b089000008044001004e0000f0032008e
:10e690001a4098006b08900009004000104090005c
:10e6a0000004e00004003a00080037004028810020
:10e6b0000000a100402889000804e8008984e800df
:10e6c000e0022000800f5400d6ff3a00eb089000d3
:10e6d0000040eb00e05898000000eb004f05be0042
:10e6e0004f04be0000000600889fbe0000047800b2
:10e6f0008084eb00f40f50002b003c0086070700dd
:10e7000080047800402881000008a3000f003a0030
:10e710000018a300020032004000200062fe070043
:10e72000402881000068a300020032003000200071
:10e730004ffe0700402881000078a3001a00320035
:10e74000300020004afe07001700370040288100f3
:10e750000000a10040288900890c2000e80f540027
:10e760001100320069092000e90f54000e00320048
:10e7700049062000ea0f54000b0032002903200054
:10e78000eb0f5400080032006c005400e30f5000ff
:10e79000040036007000540019002000e30f500000
:10e7a000010036008004eb00090078004f04be0031
:10e7b00000000600889fbe008a1f78000004be008b
:10e7c000e10f500019003a005307070000047800d9
:10e7d000402881000008a30010003a000018a300a0
:10e7e00002003200400020002ffe07004028810078
:10e7f0000068a30002003200300020001cfe070069
:10e80000402881000078a300020032003000200080
:10e8100017fe0700b8049800e20037004028810086
:10e820000000a10040288900de003700e20f500000
:10e8300019003a00380707000004780040288100da
:10e840000008a30010003a000018a30002003200e4
:10e850004000200014fe0700402881000068a3004b
:10e86000020032003000200001fe07004028810035
:10e870000078a3000200320030002000fcfd0700f9
:10e88000d8049800c7003700402881000000a1008c
:10e8900040288900c3003700e30f500019003a00f8
:10e8a0001d07070000047800402881000008a3002d
:10e8b00010003a000018a3000200320040002000bf
:10e8c000f9fd0700402881000068a3000200320023
:10e8d00030002000e6fd0700402881000078a300fa
:10e8e0000200320030002000e1fd0700e80498003b
:10e8f000ac003700402881000000a10040288900ba
:10e90000a8003700e40f500019003a000207070082
:10e9100000057800402881000008a30010003a009c
:10e920000018a3000200320008007800defd070096
:10e93000402881000068a30002003200300020005f
:10e94000cbfd0700402881000078a30002003200c0
:10e9500030002000c6fd0700ca049800910037006f
:10e96000402881000000a100402889008d00370068
:10e97000e70f500019003a00e7060700000478008e
:10e98000402881000008a30010003a000018a300ee
:10e990000200320040002000c3fd07004028810033
:10e9a0000068a3000200320030002000b0fd070024
:10e9b000402881000078a3000200320030002000cf
:10e9c000abfd0700880c98007600370040288100d6
:10e9d0000000a10040288900720037006800500044
:10e9e000e30f50001a003e0008007800ca06070036
:10e9f00000047800402881000008a30010003a00bd
:10ea00000018a3000200320040002000a6fd07000d
:10ea1000402881000068a30002003200300020007e
:10ea200093fd0700402881000078a3000200320017
:10ea3000300020008efd0700980c98005900370028
:10ea4000402881000000a1004028890055003700bf
:10ea50006c005400e30f50001a003e0008007800dc
:10ea6000ad06070000047800402881000008a300dc
:10ea700010003a000018a3000200320040002000fd
:10ea800089fd0700402881000068a30002003200d1
:10ea90003000200076fd0700402881000078a300a8
:10eaa000020032003000200071fd0700a80c980021
:10eab0003c003700402881000000a1004028890068
:10eac0003800370070005400e30f50001a003e0079
:10ead00008007800900607000004780040288100b4
:10eae0000008a30010003a000018a3000200320042
:10eaf000400020006cfd0700402881000068a30052
:10eb0000020032003000200059fd0700402881003b
:10eb10000078a300020032003000200054fd0700fe
:10eb2000b80c98001f003700402881000000a100a9
:10eb3000402889001b003700f40f540019003a00e8
:10eb4000080078007406070000047800402881005f
:10eb50000008a30010003a000018a30002003200d1
:10eb60004000200050fd0700402881000068a300fd
:10eb700002003200300020003dfd070040288100e7
:10eb80000078a300020032003000200038fd0700aa
:10eb9000c80c980003003700402881000000a10045
:10eba000402889000000eb004f0578004f04be00ac
:10ebb000000006001200fa00889fbe001124200009
:10ebc0009140780000c8b30080c4600018003a008b
:10ebd000cd020700708457006011b80089407800aa
:10ebe00008007800380007001800be00d0b79f006a
:10ebf000e1b79f00afb89700f1b79f002fe89700eb
:10ec0000e14f500003003200a20207000000eb00b9
:10ec10001e003700bf020700004d22001004e00074
:10ec2000190032009b0207000000eb0017003700bc
:10ec30006a8457006011b80061c0b3000800780012
:10ec4000210007001800be00d0b79f00e1b79f0069
:10ec5000dfb89700f1b79f00c0c02e00dfb097006b
:10ec600000806000080032008a020700a902070045
:10ec7000004d22001004e00003003200850207006e
:10ec80000000eb0001003700100020004f04be0020
:10ec90000080fa0000000600402781000000060006
:10eca000202781003127810000000600d522a8001e
:10ecb000d122a9000000060076020700d522a80094
:10ecc0000000eb00000006000e00fa00889fbe0066
:10ecd0008a9fbe0000057800014478000202be0051
:10ece000d522a900f08457008185fb0001407800ff
:10ecf00062c0b3000440bc00608c290000004100e9
:10ed000090407800e1f79f0094bf9f00a5bf9f004f
:10ed100010409000804c78003fb897000060a00041
:10ed2000b0bf9f006ff097005c0207005ff0970094
:10ed30005a0207004ff09700580207003ff0970073
:10ed4000560207002ff09700540207001940780080
:10ed500052020700e54f540001003a005702070035
:10ed60004801200055020700804178000804e900ae
:10ed7000e14f40000d003a000800e000f9ff3a00c2
:10ed8000a0ef9f006658b9000080e800628c29005f
:10ed900060007900e20f500006003a00b3ef9f00d8
:10eda00046020700a0ef9f001b003700a0ef9f0066
:10edb000f4ff3700e10f50000d003a00080020007a
:10edc000a90020003d02070061045400e0845c00bb
:10edd0000004e00003003a00e00f5400e08f5c0004
:10ede000f8ff3a000041eb00a2ef9f000a00370055
:10edf000e40f500008003a0030020700f0ef9f00d7
:10ee00002e020700e0ef9f002c020700d0ef9f00ca
:10ee10002a020700c0ef9f0000c0eb001f0207009e
:10ee20006658b900a28c2900020040001004e000de
:10ee300001003a00d522a8005fb09700efb097001c
:10ee4000008dbe00ffb09700210598000a007800f1
:10ee50004f05be004f04be000080fa00000006000f
:10ee60000e00fa000320200093bf9f000420200022
:10ee700005002000a4bf9f00b5bf9f00c2bf9f0038
:10ee8000d0bf9f00e1bf9f0010c0b300e0ff9f0014
:10ee90006e805700090007000004e00002003a00fd
:10eea0001000200003003700e14f4000f8ff3a0057
:10eeb0000000eb000080fa00000006001e00fa00cf
:10eec000889fbe0080047800c0489000e2cf5000c8
:10eed0006800320006003e000000eb000104e00084
:10eee000be003200e1cf5000b2003a00050037000a
:10eef000e3cf500043003200e2cf4000ad003a00c3
:10ef0000a000370000202000b0258900604d2200bd
:10ef10000600090039187800e900b100a04e22006f
:10ef20001004e00007003a00e24d22001200be008b
:10ef3000c909dd00c700de00818071004900dd00e5
:10ef40000089be00824d2200002020000100200028
:10ef5000b20f1000a28f18000e003e00100020001b
:10ef6000802589007c845700f226810003278100d8
:10ef700081c0b3000800780053ff07001800be00ee
:10ef8000f0af9f0081b79f00cfb0970091b79f006f
:10ef90000d0037000000eb008025890076845700c3
:10efa000f22681000327810091c0b3000800780099
:10efb00045ff07001800be00f0af9f0081b79f001b
:10efc000ffb0970091b79f00efd997000304e000ce
:10efd00004003200e0cfb300c04c980010002000c5
:10efe0007e003700000020004100200090258900ad
:10eff000a125890030c0b300c04c9800100020004b
:10f000007600370090258100a1258100e00f500097
:10f01000e08f58001300320061005000e08058007b
:10f0200090258900a1258900a4010700804078006f
:10f0300010002000e1cf400068003200e2cf400025
:10f0400004003a0020c0b300c04c9800200020000b
:10f0500062003700e0cfb300c04c980010002000e1
:10f060005e003700e0cfb300c04c980010002000d5
:10f070005a003700844d22001400be00e00f5000fb
:10f08000e08f580031003200604d220019087800ee
:10f09000c34d2200b900900081097800100178006a
:10f0a0006110b800141a100014921800b0258100e5
:10f0b00002025000b4258900930178000200e000ac
:10f0c00041003a001100370083007800f20f200061
:10f0d0008081410040c2bf000008a300fdff320054
:10f0e000401280008058780042128800818f5100c1
:10f0f000f8ff3a008101780040c2bf000008a30079
:10f10000fdff32004012800080497800200020007e
:10f110000400e00031003a006801070067010700c1
:10f12000c0268100d1268100e00f5000e08f5800fa
:10f130000200320030c0b300c04c98000020200014
:10f14000b0258900100020002400370080258100b0
:10f150000000e00004003a006011b80051c0b300a4
:10f1600070805700d8fe0700d522a80000c0eb0031
:10f170004a0107000040eb00c04c98000000eb0083
:10f180001600370000c0eb00c04c98006a8457009e
:10f190006011b80051c0b30008007800cafe070033
:10f1a0001800be00f0af9f0081b79f00dfb8970046
:10f1b00091b79f00d522a80000c0eb0037010700df
:10f1c000f00f200005003700f00f200040128800eb
:10f1d0000200e900c8ff3200bbff37004f04be0049
:10f1e0000080fa00000006001e00fa00889fbe00a2
:10f1f0008a9fbe0080047800c0489000e2cf500093
:10f200005d00320006003e000000eb000104e0005b
:10f21000ee003200e1cf500006003a000700370050
:10f22000e4cf5000c800320093003900e2cf400024
:10f23000da003200f00f2000e40037000020200048
:10f24000f0258900604d2200060009003918780079
:10f25000e900b100c2268100d326810001202000f0
:10f26000810f5100e08f590004003e00a1c0b3009f
:10f27000804b2200014878001e003700b1c0b30067
:10f28000804b220001487800c91dde004718dd00d0
:10f290004915de000a057000e00f5500e08f5d00a3
:10f2a00002003a001a0020000b00200001fe2f008f
:10f2b000018447006011b800f1c0b3000800780075
:10f2c00081fe07001800be00d0af9f00e1af9f0095
:10f2d000afb09700f1af9f00afd997000304e000f3
:10f2e00004003a000a01be0031c1b3007a80570021
:10f2f00075fe0700a04e22001004e00007003a004f
:10f30000e24d22001200be00c909dd00c700de0088
:10f31000818071004900dd000089be0074845700bf
:10f32000f226810003278100804b22009040780064
:10f330000800780064fe07001800be00d0af9f00f0
:10f34000e1af9f008fb89700f1af9f00afd9970052
:10f350000304e0000400320000c0eb00c04c980041
:10f36000f00f20009900370020c0b300c04c980077
:10f370002000200095003700f125810000202000aa
:10f38000808f500009003a00804b2200b1c0b300ca
:10f3900090cf100003003a00c0cfb300bf000700b9
:10f3a00002003700e0cfb300bc000700604d220030
:10f3b00019087800c44d2200b9019000030a7800b2
:10f3c000834d2200100178006110b80093191000dd
:10f3d00093911800f025810082025000f5258900e4
:10f3e0001400780080007800820140003180fb002a
:10f3f0004012880040c2bf000008a300fdff320099
:10f4000042128000818f5100f8ff3a00004c220028
:10f4100002487800200020000500e0006b003a0060
:10f4200000202000f025890000c0eb009b000700b1
:10f4300000c0eb0099000700a00007007f006000fb
:10f44000e50f500004003200e0cfb300c04c98003c
:10f45000300020005d00370030c0b300c04c980081
:10f4600000002000a1002000d0258900e1258900ae
:10f470003000200055003700d0258100e1258100b3
:10f48000e00f5000e08f58002b0032006100500068
:10f49000e0805800d0258900e125890000c0eb00fc
:10f4a0007e00070085000700014c2200804878009c
:10f4b0000004e00044003200c0268100d126810013
:10f4c000e00f5000e08f580017003a0000002000c5
:10f4d000a1002000d0258900e1258900804b220071
:10f4e000b1c0b30090cf100008003a00d0cfb300f5
:10f4f0006a00070000c0eb006800070040c0b300ce
:10f50000c04c98003000200030003700d522a80001
:10f5100000c0eb00610007000040eb00c04c980009
:10f520000000eb002900370020c0b300c04c980059
:10f530002000200025003700e0cfb300c04c980029
:10f540003000200021003700d0258100e125810016
:10f55000e00f5000e08f58001000320061005000b2
:10f56000e0805800d0258900e1258900530007007c
:10f57000014c2200804878000004e00012003200b4
:10f58000d522a80000c0eb00440007000040eb00bb
:10f59000c04c98000000eb000c0037006011b80070
:10f5a00051c0b3006e805700c7fd0700d522a800e8
:10f5b00000c0eb003900070000c0eb00c04c980011
:10f5c000f00f200001003700300020004f05be0082
:10f5d0004f04be000080fa00000006000002be00da
:10f5e0000304e00003003a00e00f5000e08f5800f1
:10f5f0001400320000202000102689000020200086
:10f600000100200020268900312689004226890039
:10f61000542689006526890011c0b300e04c220001
:10f6200001487800204c2200effe07000004e000b3
:10f6300002003a001000200003003700e14f4000b4
:10f64000f8ff3a000000eb00000006000000eb00ad
:10f650000000060080c0eb0009003700c226200031
:10f66000030020000082eb008082eb00610151006a
:10f67000e0815900840f5100858f5900fbff3a004b
:10f680000040e900814f5000f4ff3a000000000004
:10f690000000060041e2a900000006000080fb0017
:10f6a0004012880040c2bf000008a300fdff3200e6
:10f6b000401280000000eb0000000600f00f200068
:10f6c0004012880040c2bf000008a300fdff3200c6
:10f6d000401280000080fb00000006008000eb006c
:10f6e00001128800111288004222b70042c2a8000d
:10f6f0004302a900d0e2a900d102a900d0c2a8000b
:10f7000041e2a8000000060060022000f3ff0700ad
:10f71000000006006200fa00889fbe008a1f780081
:10f720000041eb00004d220002487800104d2200fd
:10f73000024878006000b80020278900312789003e
:10f74000a04e220002487800d522a800eeff070054
:10f75000e0c1b300bfff0700d522a8000004eb0002
:10f7600000c0eb00cdff07000804e800ea0f5400da
:10f77000fbff3a004806200020fb2f008084470052
:10f78000d522a80000c0eb00c4ff0700d522a900c5
:10f790000804e9006011b8008040eb00090078001f
:10f7a00049fd07001900be00c08f9f00d18f9f0048
:10f7b000bf989700e18f9f000f599700e14f5100cc
:10f7c000030032000800e00003003200ecff3700c5
:10f7d0000800e00021003a00d522a80000c0eb009c
:10f7e000aeff0700d522a90088fb2f000884470040
:10f7f0006011b80051c0b3000800780032fd070066
:10f800001800be00c08f9f00d18f9f00ef98970017
:10f81000e18f9f00e8fb2f00088447006011b800cb
:10f820008040eb000800780027fd07001800be00ac
:10f83000c08f9f00d18f9f009fa09700e18f9f00f6
:10f840000f599700e14f51000400320021c0b3006e
:10f85000004d2200014878000501370048fc2f00c8
:10f8600008844700a21a20000300200021c0b30032
:10f870000800780014fd07001800be00c08f9f002c
:10f88000d18f9f00cfa09700e18f9f005f889700e6
:10f89000f2ff20000200600001002000a21a2000f8
:10f8a000820f5000e08f58003b003a004f889700cd
:10f8b000e404600038003a00a8fc2f0008844700e8
:10f8c0006011b80001c1b30008007800fefc070019
:10f8d0001800be00c08f9f00d18f9f00ffa097002f
:10f8e000e18f9f000904780069fd2f00898447009b
:10f8f0006011b800f1c0b30000fd2f000080470088
:10f90000f1fc0700020020000300240021c1b30025
:10f9100009007800ecfc07001900be00c08f9f00b2
:10f92000d18f9f00dfa89700e18f9f000f599700ac
:10f930000204e000040032000804e800e10f440083
:10f94000c7003200eaff3700c8fd2f0008844700d7
:10f950006011b80001c1b30008007800dafc0700ac
:10f960001800be00c08f9f00d18f9f008fb09700fe
:10f97000e18f9f0001e8a3000400320011c0b30032
:10f98000a04e22000148780021003700a04e22003e
:10f990000048eb001e003700d522a80010c0b300bd
:10f9a0002cff0700d522a900a04e22000048eb0042
:10f9b000f8ff2100fe8457006011b80011c0b300a9
:10f9c00009007800c0fc07001900be00c08f9f002e
:10f9d000d18f9f00bfb09700e18f9f000804e9001e
:10f9e0000f5997000204e000030032000800e00015
:10f9f00003003200f0ff37000800e00004003a0086
:10fa000021c0b300004d220001487800d522a80093
:10fa1000d522a800e003200030ff0700d522a9006e
:10fa200048012000f88457006011b80031c0b300cd
:10fa300009007800a4fc07001900be00c08f9f00d9
:10fa4000d18f9f00efb09700e18f9f000804e9007d
:10fa50000f5997000204e000030032000800e000a4
:10fa600003003200f0ff37000800e00005003a0014
:10fa700021c0b300004d220001487800d522a80023
:10fa80007b0037008044eb000004eb00e0f92f001e
:10fa90000085470009ff07008980fb0080707d001a
:10faa0008944e8000804e00004003a00e1cfb30014
:10fab0009acf100001003a00884478000804e8005a
:10fac000f40f5400f3ff3a00002020004027890083
:10fad00090268900004d22001080a000e2f92f003e
:10fae000028047001080fb00000cb20018003200ba
:10faf0005f609700f003b20001002000c000dd004d
:10fb0000000020006f6197004811dd000300200015
:10fb100002007000838070007f6197000281fb000b
:10fb20000300200002007000838070004a09dd009d
:10fb3000c600de00810071004a00dd00f03fb00029
:10fb40000180b00020278900312789003900370063
:10fb50004f6197008281fb00020020005f609700e8
:10fb60004800dd000100200000017100818171006a
:10fb70006f6097000080fb00010020000001710011
:10fb80008181710000fc2f00310020000202600022
:10fb90000380600001002000c003dd00060020009b
:10fba0006120b80000037300818373004a38dd00d0
:10fbb0004633de0006037000c63bde0061034300ef
:10fbc000e0834b007f60970063406000004040008e
:10fbd0000f6997000208b2004791de0002407000f2
:10fbe0000080fb000080e800140020000020dd0001
:10fbf000010020000031b8000780b90083014000f7
:10fc00003f6097006f006000690050000022dd0037
:10fc10000482fb00050020000410b80003a2b90014
:10fc20008100420061005000e080580020278900d8
:10fc3000312789006011b80011c1b30072805700ec
:10fc400021fc0700422781000300200071c0b3009f
:10fc50006c8057001cfc0700d522a8000400370068
:10fc600021c0b300004d22000148780036ff370064
:10fc7000004d22004f0578004f04be000080fa00be
:10fc800000000600881f780028042000184478002f
:10fc90000884fb004544de0091028000ff3ffc0029
:10fca00000ceb3004260b70091028800dacd0700b1
:10fcb00091028000ff3ffc004544dd0042c0bf00d0
:10fcc0007f4060000840700042e0b7009102880069
:10fcd0004f04780000000600889fbe0002447800b0
:10fce00022032000124178008284fb0006c021001c
:10fcf000070020000080fb008180fb004b02dd003c
:10fd000004024300e0824b004a09dd000201420088
:10fd1000e0814a004019de000001fd0032e0b7003a
:10fd20000001fd000000400080804000ca08dd00a6
:10fd300006804000b4cd0700f34f540008003200a5
:10fd4000f44f5400090032008040eb00f24f5400a1
:10fd500008003a0064006000c200de0005003700c1
:10fd600068006000c300de00020037007000600021
:10fd7000c400de000900780032e0b7000180fb001b
:10fd80004f04be0000000600881f780028032000f2
:10fd90001844780006c02100070020000080fb0006
:10fda0008180fb004b02dd0004024300e0824b0037
:10fdb0004a09dd0002014200e0814a004019de00ec
:10fdc0000001fd0032e0b7000001fd002204240024
:10fdd000023b88000000400080804000ca08dd002f
:10fde00006804000800078009ccd0700a5ff07003a
:10fdf0000800780032e0b7004f04780000000600e9
:10fe0000889fbe008a9fbe008044780032c0bf0039
:10fe10008085fb000004eb00030037000804e800c5
:10fe2000e20f54000600320032c1b300884078006f
:10fe300009407800a8ff0700e10f5000f7ff3200eb
:10fe400006c02100070020000982fb004b21dd00d5
:10fe500002014300e0814b004a40dd000000410008
:10fe6000e08049004008de0032e0b70004024200b2
:10fe7000040244004a22dd00060442008004eb0034
:10fe80000a4020008984e8000884e800080078001f
:10fe90005dcd07008a8f540002003a008004eb0019
:10fea00002003700e14f4000f6ff3a000b007800f7
:10feb00032e0b700090078004f05be004f04be00d5
:10fec000000006002f02b000889fbe008a9fbe007f
:10fed0008c9fbe008e1f78000047780032c0bf00a4
:10fee0000080fb00b0af9f008004eb0003003700f0
:10fef0008904e800e28f54000700320032c1b300e9
:10ff0000894078000e40780073ff0700e10f500031
:10ff1000f7ff3200150037006fd0970032e0b700ce
:10ff2000402881000030a0004028890030002000d7
:10ff3000fe0037006fd0970032e0b7004028810004
:10ff40000010a0004028890010002000f7003700b2
:10ff50006fd0970032e0b700402881000070a00009
:10ff60004028890070002000f00037000905e800f3
:10ff7000e20f550008003a000005eb0006003700cc
:10ff80000a05e800e20f550001003a000005eb0009
:10ff9000890f5500e7ff320042c1b3008a40780064
:10ffa0000e4078004cff07000000e000f4ff320034
:10ffb00004c02100050020000e81fb004b10dd0075
:10ffc0006103b800a6b79f00b7b79f004a50dd0095
:10ffd0006103b80086b79f0097b79f002fb39700c3
:10ffe000bfb397000400430085804b000fb3970018
:10fff0009fb397000000430081804b004008de0063
:020000040001f9
:1000000032e0b700820541000b0045004a00dd00e8
:10001000f0af9f00040440000e40780078ff070016
:100020000000e00003003200402881000020a00012
:10003000402889008050220010407800a0d79f00ff
:10004000402881000000a100402889001000240001
:10005000003b8800880078000080eb00ffcc0700a0
:1000600088007800f00f2000f8cc07000884e80032
:100070000e80fb00f20f20000280b900e0af9f006d
:100080008046eb001c00200000c021000100200081
:10009000c0af9f00d1af9f002fb19700bfb19700b5
:1000a0000201400083814800c2b79f00d3b79f0080
:1000b0000fb297009fb2970004004100858049006d
:1000c0004008de0001002000e0b79f00f1b79f006c
:1000d000ffaa97004fab97008682420085bf9f0022
:1000e000098045004a00dd0006004000a0af9f00e7
:1000f0008d85fb00efa897000b80400006010700ec
:1001000000017800402881000008a30003003200ad
:100110000000a1004028890008003700880078000e
:1001200002007800cdcc0700880078000b00780032
:10013000c6cc07000884e8000c06e8008d46e800fd
:10014000e1cf46000d003a007400370088007800c7
:100150000080eb00c1cc070088007800f00f200081
:10016000bacc07000884e8000c06e8000004200070
:10017000800f560005003200f4ff3700f003200026
:10018000800f560002003c00d9ff370080c6eb000c
:10019000bcfe0700e1cf4600020032000006eb0083
:1001a000d3ff3700805022002fd1970002487800fb
:1001b0004fe8970032e0b7008fb897000184e8005d
:1001c0000800780090cc0700804578000886e80099
:1001d0000fb99700630041008dcc07000004780040
:1001e000e1cf4500100032000b80fb00efa9970023
:1001f00003004000c8000700800f540054ff3a007d
:100200000c04e8000c0078007fcc070080457800e3
:100210000c86e800080078007dcc07000004780018
:10022000e1cf4500f0ff3a007faa9700cfaa9700e0
:10023000050642004a48dd004fb39700dfb3970040
:1002400000004300e0804b004008de0032e0b700d1
:100250002fa897006ecc0700800578002fa8970084
:1002600069cc0700804078000a00e00001003a00f5
:100270008b05e800e38f450004003600402881002c
:100280000010a000402889000144a1004fe8970019
:1002900032e0b7000184fb008c0078000800780091
:1002a0006acc07008c0078000b0078006bcc07004c
:1002b00030002400003b880072fe07000c0078002c
:1002c00051cc0700800f540004003a000c00780065
:1002d0004fcc0700808f5500070032006fd0970089
:1002e00032e0b700402881000070a000402889005b
:1002f000700020000d003700894078000e40780023
:10030000a1fe07006fd0970032e0b70040288100bf
:100310000000d1006100600004003700f0032000fd
:10032000800f560099ff3c0088ff37004f07780088
:100330004f06be004f05be004f04be002f02b100a5
:1003400000000600889fbe008a1f780032c0bf00f0
:100350000085fb0000c02100010020004008de00f5
:1003600032e0b7000004eb00030037000804e800a7
:10037000e20f54000700320042c1b3008840780009
:100380000040eb0054fe07000000e000f7ff3200e1
:10039000070037000a00780032e0b70040288100eb
:1003a0000010a000402889001000200057003700ee
:1003b0008044eb000004eb0032c1b30088407800b9
:1003c0000040eb0044fe07000000e00001003a009e
:1003d0008944e8000804e800e20f5400f6ff3a0000
:1003e0000904e00015003a008940780009407800cf
:1003f00065fe070008c02100090020004048de001b
:100400000100200032e0b70030002400003b8800eb
:10041000880078000000eb0010cc0700880078000e
:10042000300f200009cc070016fe07000a007800f4
:1004300032e0b7000000eb0034003700e1cf540099
:1004400004003a000a00780032e0b7000000eb0038
:100450002e003700e2cf540026003a0032c1b3002c
:1004600011c0b3000040eb001bfe07000000e000dd
:1004700005003a0032c1b3008040780016fe070044
:100480000000e0000f0032000004eb000100370024
:100490000804e8008844780032c1b300884078003e
:1004a0000040eb000cfe0700e10f500002003a0094
:1004b000e20f5400f6ff3a008940e800e2cf500016
:1004c00001003a008040eb000040eb002efe0700e8
:1004d0000040eb004afe07000000e00001003a0087
:1004e00078fe07000a00780032e0b7000000eb0059
:1004f000060037000a00780032e0b700402881008b
:100500000060a00040288900600020004f057800ae
:100510004f04be0000000600889fbe008a9fbe00f8
:1005200000047800e00f2000800f54000500360022
:10053000402881000050a000402889000080eb0086
:1005400043003700f20f2000110009000284d80098
:10055000000178000245780032c0bf008085fb00b2
:100560008004eb00030037008904e800e28f5400a8
:100570000700320032c1b300894078000a40780099
:10058000d5fd0700e10f5000f7ff320007003700ec
:100590000b00780032e0b700402881000060a00026
:1005a000402889000080eb002900370004c02100aa
:1005b000050020004b51dd00ca49dd000200420069
:1005c000e0804a0003004000e08048004008de0070
:1005d00032e0b7000401410082814100e13f200088
:1005e00083804000f20f200001057800110009000f
:1005f0000284d8000105fd000920200001047800d4
:100600000100780080cb07008880e9008904e900b8
:10061000030032008a0f500008003200f7ff370055
:10062000402881000000a000402889000b007800cd
:1006300032e0b7000080eb000500370008007800ca
:1006400073cb07008005fd0032e0b7008005fd0098
:100650004f05be004f04be0000000600e4874700bf
:10066000889fbe008a9fbe008c9fbe008e1f7800b0
:100670000005780081047800e00f2000808f500092
:1006800005003600402881000050a0004028890065
:100690005000200088003700f20f200011000900f0
:1006a0008280d8008005780032c0bf000086fb0041
:1006b00030002400003b88000004eb008b467800eb
:1006c000030037000804e800e20f5400070032007e
:1006d00032c1b300884078000b4078007efd0700ef
:1006e000e10f5000f7ff3200070037000c007800e0
:1006f00032e0b700402881000060a0004028890057
:10070000600020006c00370004c0210005002000bc
:100710004b59dd0002014200e0814a004a40dd0001
:1007200000004100e08049004008de0032e0b700f0
:100730000b804500000044004a00dd0084054000b5
:100740008e5022001e4478000900780072ff0700d6
:100750008a0f500008003a004028810061006000c4
:1007600005003a000006fd0032e0b7000006fd007b
:10077000084f780050003700805022000848780069
:100780000d4078009efd0700000778000000e000a3
:1007900007003a000c00780032e0b70040288100e2
:1007a0000040a0004028890040002000420037009f
:1007b0008b0540000a00be0028cb0700f80f200080
:1007c000110009008884d800810478008b0078002b
:1007d000090078001dcb07002afd0700000000007b
:1007e000000000000b00780009cb070080f79f0095
:1007f0008ff097000180fb0008046500880f50000f
:10080000070032000c00780032e0b7004028810079
:100810000070a000402889007000200026003700ea
:100820000b007800f8ca070080f79f008ff0970050
:100830000180fb00808f5400070032000c0078001c
:1008400032e0b700402881000070a00040288900f5
:1008500070002000180037000b00e800ecca070009
:100860004880de0080f79f000ff097008080fb003b
:100870004850de00808f5000070032000c007800e6
:1008800032e0b700402881000070a00040288900b5
:100890007000200008003700e03f2000800f570064
:1008a00002003a000d40780086fd07000c00780039
:1008b00032e0b7000000eb004f0778004f06be00a3
:1008c0004f05be004f04be004f00b10000000600ff
:1008d000acc6bf0001ceb300014060005040b30081
:1008e000ace6b700c7c6bf0001406000a040b3003f
:1008f000c7e6b700c6c6bf0001406000b040b30005
:10090000c6e6b700c9a2a900cda2a800c982a90065
:10091000cd82a8006342a90062c2a9006302a800b8
:1009200062a2a8006322a900c0c1b3006262b7003e
:1009300062c2bf00c1cfb300014060000014a0003c
:1009400062e2b70060c2a90061e2a80000000600f0
:100950004013880060c2bf000008a300fdff320002
:100960004013800000000600800220002010880054
:1009700007e2a800000006000003780006a2a90014
:10098000000178000002eb00250020000d00370078
:100990000662a8005523890006c2bf000038a300e4
:1009a000fdff3a0000108000004978000682a80090
:1009b00006c2bf000048a300fdff3a000201e800a4
:1009c000030278008401e800818f5100f0ff3500b8
:1009d0000662a800200020005023890006c2bf0044
:1009e0000038a300fdff3a000010800000737a0079
:1009f00006a2a8000682a80006c2bf000048a30005
:100a0000fdff3a000000eb00000006000000fb00c4
:100a10001010880009c2bf000068a300fdff3a0063
:100a20000000eb000942e20005003d000642a8007c
:100a300006c2bf000028a300fdff3a0010002000fe
:100a400000000600889fbe000004be000602a80049
:100a500006c2bf000008a300fdff3a0000ccb300af
:100a6000eaff07000000e0000f003a0008407800ad
:100a7000e6ff07000000e0000b003a0009407800a4
:100a8000e2ff07000000e00007003a000642a8006d
:100a900006c2bf000028a300fdff3a000000eb00e3
:100aa0004010880001003700100020004f04be00f5
:100ab00000000600889fbe008a1f780000047800ae
:100ac00001057800820478000602a80006c2bf0073
:100ad0000008a300fdff3a0000ccb300cbff0700e5
:100ae0000000e0001c003a0008407800c7ff070043
:100af0000000e00018003a000622a80006c2bf006d
:100b00000018a300fdff3a0010ccb300bfff0700a0
:100b10000000e00010003a00890078000a00780028
:100b200095ff07000000e00004003200e093290078
:100b30002ff0070010002000080037000642a80030
:100b400006c2bf000028a300fdff3a000000eb0032
:100b50004010880001003700100020004f05780089
:100b60004f04be000000060062c2a8006302a90094
:100b7000cda2a900000620004013880060c2bf007b
:100b80000008a300fdff320040138000f0022000a7
:100b90004013880060c2bf000008a300fdff3200c0
:100ba000401380006822ef0060c2bf000008a3006d
:100bb000fdff3200401380006822ef0060c2bf00da
:100bc0000008a300fdff320040138000000f20004a
:100bd0004013880060c2bf000008a300fdff320080
:100be00040138000cda2a80000000600000178009c
:100bf00062c2a8006302a900cda2a900800e200055
:100c00004013880060c2bf000008a300fdff32004f
:100c1000401380006822ef0060c2bf000008a300fc
:100c2000fdff320040138000c800dd006822ef00a5
:100c300060c2bf000008a300fdff32004013800027
:100c4000008040004480de00000978006822ef0048
:100c500060c2bf000008a300fdff32004013800007
:100c6000c800dd006822ef0060c2bf000008a300da
:100c7000fdff320040138000008040004480de0011
:100c8000100198006822ef0060c2bf000008a300b6
:100c9000fdff320040138000c800dd006822ef0035
:100ca00060c2bf000008a300fdff320040138000b7
:100cb000008040004480de0020019800cda2a80002
:100cc0000000060062c2a9006302a8000001eb0058
:100cd000440920008001eb0015e02400cd82a9002a
:100ce0004413880060c2bf000008a300fdff32006b
:100cf00040138000c800dd004313880060c2bf00bd
:100d00000008a300fdff32004013800080804000f7
:100d1000cd82a800000000000000000000000000dc
:100d20000000000000000000000000000201e800d8
:100d3000ea0f510002003200858f5000e7ff3a00b1
:100d400000000000000000000000000000000000a3
:100d50000000000000000000cd82a900d0042000a7
:100d60004013880060c2bf000008a300fdff3200ee
:100d700040138000800020004013880060c2bf0044
:100d80000008a300fdff320040138000cd82a800c0
:100d90000000000000000000000000000000000053
:100da0000000000000000000cd82a900b004200077
:100db0004013880060c2bf000008a300fdff32009e
:100dc00040138000000b20004013880060c2bf0069
:100dd0000008a300fdff320040138000cd82a80070
:100de0000000000000000000000000000000000003
:100df0000000000000000000cd82a900b004200027
:100e00004013880060c2bf000008a300fdff32004d
:100e100040138000000b20004013880060c2bf0018
:100e20000008a300fdff320040138000cd82a8001f
:100e3000010078000000060062c2a9006302a80059
:100e4000b3002000040037008301e90002003a00eb
:100e50000081eb0030003700cd82a900400920005e
:100e60004013880060c2bf000008a300fdff3200ed
:100e7000421380006822ef0060c2bf000008a30098
:100e8000fdff320041138000c208dd00020078003f
:100e9000000cb2004680de008080400063006100ec
:100ea0004a00dd0080804000007d2f00008140006e
:100eb000cd82a8000000000000000000000000003b
:100ec000000000000000000000000000cd82a9002a
:100ed000000720004013880060c2bf000008a30084
:100ee000fdff320040138000c800dd00c00020007c
:100ef0004013880060c2bf000008a300fdff32005d
:100f000040138000cd82a8000080400001e0250051
:100f1000810f5000ccff3a0002007800000006006c
:100f200001082000c0022000c6fe0700a10020002a
:100f300060022000c3fe070000000600889fbe007c
:100f40008a9fbe008c1f780032002000e14f2200f3
:100f500010002000d7fe07000000e0000f00320064
:100f600060112000801f7800f0942900801f780015
:100f700090952900801f78000105200040e621009f
:100f800028ef070040e6210019ef070000002000cd
:100f900001f82300e687570036003700a100200043
:100fa00060022000a7fe07000000e0000f003200f2
:100fb00080112000801f7800f0942900801f7800a5
:100fc00090952900801f78000105200040e621004f
:100fd00014ef070040e6210005ef070000002000a5
:100fe00001f82300e687570022003700e04f220077
:100ff0001080fb0010288900f24f22001281fb00b4
:1010000022288900025022001286fb003c28890019
:10101000cf80de0086bd07000200200003482400c8
:101020000cbe07000005be00282881004244dd00f8
:101030006140b9007ebd07000800e00003003d00ec
:101040000200200003782400a5bd07000001be00b7
:101050000a00be00a2bd07000004be004660de001c
:10106000cf80de0072bd07000001be000800be0098
:101070009bbd07004f0678004f05be004f04be0021
:101080000000060002682e00537c240025be0700e5
:10109000b2452d0023e42300b1be07000001be00cd
:1010a0000000200001f823008cbd070052ac220094
:1010b000d3722400e7bd070000000600889fbe0031
:1010c0008a1f78000004780001057800cf80de00d8
:1010d00057bd07000800e00003003d0002002000ab
:1010e000037824007ebd0700d2392700e3042c00da
:1010f000d8bd070002002000534e240078bd070031
:1011000062662600e314240006be07000004be0049
:101110006150b90046bd07000001be000800be00d6
:101120006ebd07004f0578004f04be0000000600aa
:020000040000fa
:10330c00642400004c0000000200000000000000db
:10331c0000000000000000000000000000000000a1
:10332c000000000001000000000000000000000090
:10333c000000000000000000000000000000000081
:10334c000000000000000000000000000000000071
:10335c000000000000000000000000000000000061
:10336c00000000000000000000803f000000000092
:10337c0000000000020800001e1700000000000002
:10338c00b02400003c00000000000000ec24000011
:10339c001200000002000000ffffff00ff00000011
:1033ac000000ff00ffffff000000000000062400eb
:1033bc00202300004401000000000000201f00003a
:1033cc0000020000000000002021000000020000ac
:1033dc0000000000082500000200000000000000b2
:1033ec00fe2400000a00000000000000000800009d
:0c33fc00020000000000000000000000c3
:020000040000fa
:103408001080ba00000006001000ba000000060094
:10341800801f78000500fc0050052000303b880024
:10342800a00a2000303b880061e7a80000000000e7
:103438000000000061e7af00feff37004f00780092
:10344800000006008088bb000000060080c8bb00a2
:10345800000006008008bb00000006008048bb0092
:04346800000006005a
:00000001FF
